{
	"credit": "Made with Blockbench",
	"textures": {
		"0": "blockbench/texture_5",
		"1": "blockbench/wall_black",
		"2": "blockbench/window",
		"particle": "blockbench/texture_5"
	},
	"elements": [
		{
			"from": [0, 0, 14],
			"to": [2, 16, 16],
			"faces": {
				"north": {"uv": [0, 0, 2, 16], "texture": "#0"},
				"east": {"uv": [0, 0, 2, 16], "texture": "#0"},
				"south": {"uv": [0, 0, 2, 16], "texture": "#0"},
				"west": {"uv": [0, 0, 2, 16], "texture": "#0"},
				"up": {"uv": [0, 0, 2, 2], "rotation": 90, "texture": "#0"},
				"down": {"uv": [0, 0, 2, 2], "rotation": 270, "texture": "#0"}
			}
		},
		{
			"from": [0, 0, 0],
			"to": [2, 16, 2],
			"faces": {
				"north": {"uv": [14, 0, 16, 16], "texture": "#0"},
				"east": {"uv": [14, 0, 16, 16], "texture": "#0"},
				"south": {"uv": [14, 0, 16, 16], "texture": "#0"},
				"west": {"uv": [14, 0, 16, 16], "texture": "#0"},
				"up": {"uv": [14, 0, 16, 2], "rotation": 90, "texture": "#0"},
				"down": {"uv": [14, 0, 16, 2], "rotation": 270, "texture": "#0"}
			}
		},
		{
			"from": [0, 16, 0],
			"to": [2, 32, 16],
			"faces": {
				"north": {"uv": [0, 0, 2, 16], "texture": "#0"},
				"east": {"uv": [0, 0, 16, 16], "texture": "#0"},
				"south": {"uv": [0, 0, 2, 16], "texture": "#0"},
				"west": {"uv": [0, 0, 16, 16], "texture": "#0"},
				"up": {"uv": [0, 0, 16, 2], "rotation": 90, "texture": "#0"},
				"down": {"uv": [0, 0, 16, 2], "rotation": 270, "texture": "#0"}
			}
		},
		{
			"from": [0, 0, 2],
			"to": [2, 2, 14],
			"faces": {
				"north": {"uv": [0, 0, 2, 2], "texture": "#0"},
				"east": {"uv": [2, 14, 14, 16], "texture": "#0"},
				"south": {"uv": [0, 0, 2, 2], "texture": "#0"},
				"west": {"uv": [2, 14, 14, 16], "texture": "#0"},
				"up": {"uv": [0, 0, 2, 12], "rotation": 180, "texture": "#0"},
				"down": {"uv": [0, 0, 2, 12], "rotation": 180, "texture": "#0"}
			}
		},
		{
			"from": [0, 2, 13.5],
			"to": [2, 16, 14],
			"faces": {
				"north": {"uv": [0, 0, 2, 14], "texture": "#1"},
				"east": {"uv": [0, 0, 0.5, 14], "texture": "#1"},
				"south": {"uv": [0, 0, 2, 14], "texture": "#1"},
				"west": {"uv": [0, 0, 0.5, 14], "texture": "#1"},
				"up": {"uv": [0, 0, 2, 0.5], "rotation": 180, "texture": "#1"},
				"down": {"uv": [0, 0, 2, 0.5], "rotation": 180, "texture": "#1"}
			}
		},
		{
			"from": [0, 2, 2.5],
			"to": [2, 2.5, 13.5],
			"faces": {
				"north": {"uv": [0, 0, 2, 0.5], "texture": "#1"},
				"east": {"uv": [0, 0, 11, 0.5], "texture": "#1"},
				"south": {"uv": [0, 0, 2, 0.5], "texture": "#1"},
				"west": {"uv": [0, 0, 11, 0.5], "texture": "#1"},
				"up": {"uv": [0, 0, 2, 11], "rotation": 180, "texture": "#1"},
				"down": {"uv": [0, 0, 2, 11], "rotation": 180, "texture": "#1"}
			}
		},
		{
			"from": [0, 15.5, 2.5],
			"to": [2, 16, 13.5],
			"faces": {
				"north": {"uv": [0, 0, 2, 0.5], "texture": "#1"},
				"east": {"uv": [0, 0, 11, 0.5], "texture": "#1"},
				"south": {"uv": [0, 0, 2, 0.5], "texture": "#1"},
				"west": {"uv": [0, 0, 11, 0.5], "texture": "#1"},
				"up": {"uv": [0, 0, 2, 11], "rotation": 180, "texture": "#1"},
				"down": {"uv": [0, 0, 2, 11], "rotation": 180, "texture": "#1"}
			}
		},
		{
			"from": [0, 2, 2],
			"to": [2, 16, 2.5],
			"faces": {
				"north": {"uv": [0, 0, 2, 14], "texture": "#1"},
				"east": {"uv": [0, 0, 0.5, 14], "texture": "#1"},
				"south": {"uv": [0, 0, 2, 14], "texture": "#1"},
				"west": {"uv": [0, 0, 0.5, 14], "texture": "#1"},
				"up": {"uv": [0, 0, 2, 0.5], "rotation": 180, "texture": "#1"},
				"down": {"uv": [0, 0, 2, 0.5], "rotation": 180, "texture": "#1"}
			}
		},
		{
			"from": [1, 2.5, 2.5],
			"to": [1, 15.5, 13.5],
			"faces": {
				"north": {"uv": [0, 0, 0, 14], "texture": "#2"},
				"east": {"uv": [0, 0, 16, 16], "texture": "#2"},
				"south": {"uv": [0, 0, 0, 14], "texture": "#2"},
				"west": {"uv": [0, 0, 16, 16], "texture": "#2"},
				"up": {"uv": [0, 0, 0, 12], "rotation": 180, "texture": "#2"},
				"down": {"uv": [0, 0, 0, 12], "rotation": 180, "texture": "#2"}
			}
		}
	]
}