{
	"credit": "Made with Blockbench",
	"textures": {
		"2": "blockbench/wall_cmu_white",
		"3": "blockbench/wall_cmu",
		"particle": "blockbench/wall_cmu_white"
	},
	"elements": [
		{
			"from": [0, 0, 0],
			"to": [16, 16, 16],
			"rotation": {"angle": 0, "axis": "z", "origin": [8, 16, 16]},
			"faces": {
				"north": {"uv": [0, 0, 16, 16], "rotation": 180, "texture": "#3"},
				"east": {"uv": [0, 0, 16, 16], "rotation": 180, "texture": "#2"},
				"south": {"uv": [0, 0, 16, 16], "rotation": 180, "texture": "#3"},
				"west": {"uv": [0, 0, 16, 16], "rotation": 180, "texture": "#3"},
				"up": {"uv": [0, 0, 16, 16], "rotation": 180, "texture": "#3"},
				"down": {"uv": [0, 0, 16, 16], "rotation": 180, "texture": "#3"}
			}
		}
	],
	"groups": [
		{
			"name": "cyan_glazed_terracotta",
			"origin": [8, 8, 8],
			"color": 0,
			"children": [0]
		}
	]
}