{
	"credit": "Made with Blockbench",
	"textures": {
		"1": "blockbench/wall_green",
		"2": "blockbench/wall_cmu_white",
		"particle": "blockbench/wall_cmu_white"
	},
	"elements": [
		{
			"from": [14, 0, 0],
			"to": [16, 16, 16],
			"faces": {
				"north": {"uv": [15, 0, 16, 16], "texture": "#2"},
				"east": {"uv": [0, 0, 16, 16], "texture": "#2"},
				"south": {"uv": [15, 0, 16, 16], "texture": "#2"},
				"west": {"uv": [15, 0, 16, 16], "texture": "#2"},
				"up": {"uv": [16, 16, 15, 0], "texture": "#2"},
				"down": {"uv": [16, 0, 15, 16], "texture": "#2"}
			}
		},
		{
			"from": [0, 0, 0],
			"to": [14, 16, 16],
			"rotation": {"angle": 0, "axis": "z", "origin": [8, 16, 16]},
			"faces": {
				"north": {"uv": [1, 0, 16, 16], "rotation": 180, "texture": "#1"},
				"east": {"uv": [1, 0, 16, 16], "rotation": 180, "texture": "#1"},
				"south": {"uv": [1, 0, 16, 16], "rotation": 180, "texture": "#1"},
				"west": {"uv": [1, 0, 16, 16], "rotation": 180, "texture": "#1"},
				"up": {"uv": [16, 0, 1, 16], "rotation": 180, "texture": "#1"},
				"down": {"uv": [16, 16, 1, 0], "rotation": 180, "texture": "#1"}
			}
		}
	],
	"groups": [
		{
			"name": "cyan_glazed_terracotta",
			"origin": [8, 8, 8],
			"color": 0,
			"children": [0, 1]
		}
	]
}