{
	"credit": "Made with Blockbench",
	"textures": {
		"1": "blockbench/metal"
	},
	"elements": [
		{
			"from": [8, 13, 0],
			"to": [16, 20, 16],
			"faces": {
				"north": {"uv": [0, 0, 7, 8], "rotation": 270, "texture": "#1"},
				"east": {"uv": [0, 0, 16, 7], "texture": "#1"},
				"south": {"uv": [0, 0, 7, 8], "rotation": 90, "texture": "#1"},
				"west": {"uv": [0, 0, 16, 7], "rotation": 180, "texture": "#1"},
				"up": {"uv": [0, 0, 16, 8], "rotation": 90, "texture": "#1"},
				"down": {"uv": [0, 0, 16, 8], "rotation": 90, "texture": "#1"}
			}
		},
		{
			"from": [11, 0, 0],
			"to": [16, 13, 16],
			"faces": {
				"north": {"uv": [0, 0, 5, 13], "texture": "#1"},
				"east": {"uv": [0, 0, 16, 13], "texture": "#1"},
				"south": {"uv": [0, 0, 5, 13], "texture": "#1"},
				"west": {"uv": [0, 0, 16, 13], "texture": "#1"},
				"up": {"uv": [0, 0, 5, 16], "texture": "#1"},
				"down": {"uv": [0, 0, 5, 16], "texture": "#1"}
			}
		}
	]
}