{
	"credit": "Made with Blockbench",
	"parent": "minecraft:block/cube_bottom_top",
	"textures": {
		"1": "blockbench/metal",
		"2": "blockbench/metal_trim_grey",
		"3": "blockbench/texture_2",
		"4": "blockbench/wall_black",
		"5": "blockbench/light_off",
		"6": "blockbench/whiteboard",
		"particle": "blockbench/fence_wire_whatever"
	},
	"elements": [
		{
			"from": [0, 0, 0],
			"to": [1, 16, 15],
			"faces": {
				"north": {"uv": [0, 0, 1, 16], "rotation": 180, "texture": "#1"},
				"east": {"uv": [0, 1, 16, 16], "rotation": 270, "texture": "#1"},
				"south": {"uv": [0, 0, 1, 16], "texture": "#1"},
				"west": {"uv": [0, 1, 16, 16], "rotation": 90, "texture": "#1"},
				"up": {"uv": [0, 0, 1, 15], "rotation": 180, "texture": "#1"},
				"down": {"uv": [0, 0, 1, 15], "texture": "#1"}
			}
		},
		{
			"from": [15, 0, 0],
			"to": [16, 16, 15],
			"faces": {
				"north": {"uv": [0, 0, 1, 16], "rotation": 180, "texture": "#1"},
				"east": {"uv": [0, 1, 16, 16], "rotation": 270, "texture": "#1"},
				"south": {"uv": [0, 0, 1, 16], "texture": "#1"},
				"west": {"uv": [0, 1, 16, 16], "rotation": 90, "texture": "#1"},
				"up": {"uv": [0, 0, 1, 15], "rotation": 180, "texture": "#1"},
				"down": {"uv": [0, 0, 1, 15], "texture": "#1"}
			}
		},
		{
			"from": [1, 0, 0],
			"to": [15, 1, 15],
			"faces": {
				"north": {"uv": [15, 0, 16, 16], "rotation": 180, "texture": "#1"},
				"east": {"uv": [15, 0, 16, 16], "rotation": 270, "texture": "#1"},
				"south": {"uv": [15, 0, 16, 16], "texture": "#1"},
				"west": {"uv": [15, 0, 16, 16], "rotation": 90, "texture": "#1"},
				"up": {"uv": [1, 0, 15, 15], "rotation": 180, "texture": "#1"},
				"down": {"uv": [1, 0, 15, 15], "texture": "#1"}
			}
		},
		{
			"from": [1, 1, 0],
			"to": [15, 16, 1],
			"faces": {
				"north": {"uv": [1, 0, 15, 15], "rotation": 180, "texture": "#1"},
				"east": {"uv": [0, 0, 15, 1], "rotation": 270, "texture": "#1"},
				"south": {"uv": [1, 0, 15, 15], "texture": "#1"},
				"west": {"uv": [0, 0, 15, 1], "rotation": 90, "texture": "#1"},
				"up": {"uv": [0, 0, 14, 1], "rotation": 180, "texture": "#1"},
				"down": {"uv": [0, 0, 14, 1], "texture": "#1"}
			}
		},
		{
			"from": [1, 1, 7.5],
			"to": [15, 15, 8.5],
			"faces": {
				"north": {"uv": [1, 0, 15, 14], "rotation": 180, "texture": "#4"},
				"east": {"uv": [0, 0, 15, 1], "rotation": 270, "texture": "#4"},
				"south": {"uv": [1, 0, 15, 14], "texture": "#4"},
				"west": {"uv": [0, 0, 15, 1], "rotation": 90, "texture": "#4"},
				"up": {"uv": [0, 0, 14, 1], "rotation": 180, "texture": "#4"},
				"down": {"uv": [0, 0, 14, 1], "texture": "#4"}
			}
		},
		{
			"from": [0, 0, 15],
			"to": [16, 16, 16],
			"faces": {
				"north": {"uv": [3, 2, 13, 12], "rotation": 180, "texture": "#1"},
				"east": {"uv": [0, 0, 16, 0.5], "rotation": 270, "texture": "#1"},
				"south": {"uv": [3, 2, 13, 12], "texture": "#1"},
				"west": {"uv": [0, 0, 16, 0.5], "rotation": 90, "texture": "#1"},
				"up": {"uv": [3, 2, 13, 2.5], "rotation": 180, "texture": "#1"},
				"down": {"uv": [0, 0, 16, 0.5], "texture": "#1"}
			}
		},
		{
			"from": [1, 15, 1],
			"to": [15, 15.2, 7.9],
			"faces": {
				"north": {"uv": [0, 0, 14, 0.2], "texture": "#2"},
				"east": {"uv": [0, 0, 0.2, 6.9], "rotation": 270, "texture": "#2"},
				"south": {"uv": [0, 0, 14, 0.2], "rotation": 180, "texture": "#2"},
				"west": {"uv": [0, 0, 0.2, 6.9], "rotation": 90, "texture": "#2"},
				"up": {"uv": [0, 0, 16, 16], "rotation": 180, "texture": "#2"},
				"down": {"uv": [0, 0, 14, 6.9], "texture": "#2"}
			}
		},
		{
			"from": [7, 15, 6],
			"to": [9, 16, 7],
			"faces": {
				"north": {"uv": [0, 0, 2, 1], "texture": "#4"},
				"east": {"uv": [0, 0, 1, 1], "texture": "#4"},
				"south": {"uv": [0, 0, 2, 1], "texture": "#4"},
				"west": {"uv": [0, 0, 1, 1], "texture": "#4"},
				"up": {"uv": [0, 0, 2, 1], "texture": "#4"},
				"down": {"uv": [0, 0, 2, 1], "texture": "#4"}
			}
		},
		{
			"from": [1, 24, 8],
			"to": [15, 24.2, 14.9],
			"faces": {
				"north": {"uv": [0, 0, 14, 0.2], "texture": "#2"},
				"east": {"uv": [0, 0, 0.2, 6.9], "rotation": 270, "texture": "#2"},
				"south": {"uv": [0, 0, 14, 0.2], "rotation": 180, "texture": "#2"},
				"west": {"uv": [0, 0, 0.2, 6.9], "rotation": 90, "texture": "#2"},
				"up": {"uv": [0, 0, 16, 16], "rotation": 180, "texture": "#2"},
				"down": {"uv": [0, 0, 14, 6.9], "texture": "#2"}
			}
		},
		{
			"from": [7, 24, 13],
			"to": [9, 25, 14],
			"faces": {
				"north": {"uv": [0, 0, 2, 1], "texture": "#4"},
				"east": {"uv": [0, 0, 1, 1], "texture": "#4"},
				"south": {"uv": [0, 0, 2, 1], "texture": "#4"},
				"west": {"uv": [0, 0, 1, 1], "texture": "#4"},
				"up": {"uv": [0, 0, 2, 1], "texture": "#4"},
				"down": {"uv": [0, 0, 2, 1], "texture": "#4"}
			}
		},
		{
			"from": [1, 13, 8],
			"to": [15, 24, 14.9],
			"faces": {
				"north": {"uv": [1, 0, 15, 11], "texture": "#3"},
				"east": {"uv": [1, 0, 7.9, 11], "texture": "#3"},
				"south": {"uv": [1, 0, 15, 11], "texture": "#3"},
				"west": {"uv": [8, 0, 14.9, 11], "texture": "#3"},
				"up": {"uv": [0, 0, 14, 6.9], "texture": "#3"},
				"down": {"uv": [0, 0, 14, 6.9], "texture": "#3"}
			}
		},
		{
			"from": [2, 16, 14],
			"to": [14, 24, 15],
			"faces": {
				"north": {"uv": [15.5, 15.25, 16, 16], "texture": "#5"},
				"east": {"uv": [4, 8, 5, 16], "texture": "#5"},
				"south": {"uv": [15.5, 15.25, 16, 16], "texture": "#5"},
				"west": {"uv": [4, 8, 5, 16], "texture": "#5"},
				"up": {"uv": [4, 8, 16, 9], "texture": "#5"},
				"down": {"uv": [4, 8, 16, 9], "texture": "#5"}
			}
		},
		{
			"from": [3, 27, 4],
			"to": [13, 27, 7.4],
			"rotation": {"angle": 22.5, "axis": "x", "origin": [0, 0, 0]},
			"faces": {
				"north": {"uv": [0, 0, 10, 0], "texture": "#6"},
				"east": {"uv": [0, 0, 3.4, 0], "texture": "#6"},
				"south": {"uv": [0, 0, 10, 0], "texture": "#6"},
				"west": {"uv": [0, 0, 3.4, 0], "texture": "#6"},
				"up": {"uv": [0, 0, 10, 3.4], "texture": "#6"},
				"down": {"uv": [0, 0, 10, 3.4], "texture": "#6"}
			}
		},
		{
			"from": [3, 26, 5],
			"to": [13, 26, 7.3],
			"rotation": {"angle": 22.5, "axis": "x", "origin": [0, 0, 0]},
			"faces": {
				"north": {"uv": [0, 0, 10, 0], "texture": "#6"},
				"east": {"uv": [0, 0, 2.3, 0], "texture": "#6"},
				"south": {"uv": [0, 0, 10, 0], "texture": "#6"},
				"west": {"uv": [0, 0, 2.3, 0], "texture": "#6"},
				"up": {"uv": [0, 0, 10, 2.3], "texture": "#6"},
				"down": {"uv": [0, 0, 10, 2.3], "texture": "#6"}
			}
		},
		{
			"from": [3, 25, 4],
			"to": [13, 25, 6.9],
			"rotation": {"angle": 22.5, "axis": "x", "origin": [0, 0, 0]},
			"faces": {
				"north": {"uv": [0, 0, 10, 0], "texture": "#6"},
				"east": {"uv": [0, 0, 2.9, 0], "texture": "#6"},
				"south": {"uv": [0, 0, 10, 0], "texture": "#6"},
				"west": {"uv": [0, 0, 2.9, 0], "texture": "#6"},
				"up": {"uv": [0, 0, 10, 2.9], "texture": "#6"},
				"down": {"uv": [0, 0, 10, 2.9], "texture": "#6"}
			}
		},
		{
			"from": [3, 24, 5],
			"to": [13, 24, 8.7],
			"rotation": {"angle": 22.5, "axis": "x", "origin": [0, 0, 0]},
			"faces": {
				"north": {"uv": [0, 0, 10, 0], "texture": "#6"},
				"east": {"uv": [0, 0, 3.7, 0], "texture": "#6"},
				"south": {"uv": [0, 0, 10, 0], "texture": "#6"},
				"west": {"uv": [0, 0, 3.7, 0], "texture": "#6"},
				"up": {"uv": [0, 0, 10, 3.7], "texture": "#6"},
				"down": {"uv": [0, 0, 10, 3.7], "texture": "#6"}
			}
		},
		{
			"from": [3, 22, 6],
			"to": [13, 22, 8.4],
			"rotation": {"angle": 22.5, "axis": "x", "origin": [0, 0, 0]},
			"faces": {
				"north": {"uv": [0, 0, 10, 0], "texture": "#6"},
				"east": {"uv": [0, 0, 2.4, 0], "texture": "#6"},
				"south": {"uv": [0, 0, 10, 0], "texture": "#6"},
				"west": {"uv": [0, 0, 2.4, 0], "texture": "#6"},
				"up": {"uv": [0, 0, 10, 2.4], "texture": "#6"},
				"down": {"uv": [0, 0, 10, 2.4], "texture": "#6"}
			}
		}
	],
	"groups": [
		0,
		1,
		2,
		3,
		4,
		5,
		6,
		7,
		{
			"name": "DRAWER",
			"origin": [0, 0, 0],
			"color": 0,
			"children": [8, 9, 10, 11, 12, 13, 14, 15, 16]
		}
	]
}