{
	"credit": "Made with Blockbench",
	"parent": "block/block",
	"ambientocclusion": false,
	"textures": {
		"1": "blockbench/texture_5",
		"2": "blockbench/texture_0",
		"5": "blockbench/wall_black",
		"particle": "blockbench/texture_5"
	},
	"elements": [
		{
			"from": [0, 1, 0],
			"to": [16, 15, 1],
			"rotation": {"angle": 0, "axis": "y", "origin": [0, 1, 0]},
			"faces": {
				"north": {"uv": [1, 0, 15, 16], "texture": "#1"},
				"east": {"uv": [1.5, 0, 2.5, 16], "texture": "#1"},
				"south": {"uv": [1, 0, 15, 16], "texture": "#1"},
				"west": {"uv": [9, 0, 10, 16], "texture": "#1"},
				"up": {"uv": [0, 0, 16, 1], "texture": "#1"},
				"down": {"uv": [0, 0, 16, 1], "texture": "#1"}
			}
		},
		{
			"from": [15, 1, 1],
			"to": [16, 15, 16],
			"rotation": {"angle": 0, "axis": "y", "origin": [15, 1, 1]},
			"faces": {
				"north": {"uv": [0, 0, 1, 16], "texture": "#1"},
				"east": {"uv": [1, 0, 15, 16], "texture": "#1"},
				"south": {"uv": [3, 0, 4, 16], "texture": "#1"},
				"west": {"uv": [1, 0, 15, 16], "texture": "#1"},
				"up": {"uv": [0, 0, 1, 15], "texture": "#1"},
				"down": {"uv": [0, 0, 1, 15], "texture": "#1"}
			}
		},
		{
			"from": [0, 1, 1],
			"to": [1, 15, 16],
			"rotation": {"angle": 0, "axis": "y", "origin": [0, 1, 1]},
			"faces": {
				"north": {"uv": [0, 0, 1, 16], "texture": "#1"},
				"east": {"uv": [1, 0, 15, 16], "texture": "#1"},
				"south": {"uv": [3, 0, 4, 16], "texture": "#1"},
				"west": {"uv": [1, 0, 15, 16], "texture": "#1"},
				"up": {"uv": [0, 0, 1, 15], "texture": "#1"},
				"down": {"uv": [0, 0, 1, 15], "texture": "#1"}
			}
		},
		{
			"from": [0, 0, 0],
			"to": [16, 1, 16],
			"faces": {
				"north": {"uv": [0, 0, 16, 1], "texture": "#5"},
				"east": {"uv": [0, 0, 15, 1], "texture": "#5"},
				"south": {"uv": [0, 0, 16, 1], "texture": "#5"},
				"west": {"uv": [0, 0, 15, 1], "texture": "#5"},
				"up": {"uv": [0, 0, 16, 16], "texture": "#5"},
				"down": {"uv": [0, 0, 16, 16], "texture": "#5"}
			}
		},
		{
			"from": [0, 15, 0],
			"to": [16, 16, 16],
			"rotation": {"angle": 0, "axis": "y", "origin": [0, 15, 0]},
			"faces": {
				"north": {"uv": [0, 3.5, 16, 4.5], "texture": "#1"},
				"east": {"uv": [0, 8.5, 16, 9.5], "texture": "#1"},
				"south": {"uv": [0, 3.5, 16, 4.5], "texture": "#1"},
				"west": {"uv": [0, 11.5, 16, 12.5], "texture": "#1"},
				"up": {"uv": [0, 5, 16, 12], "texture": "#1"},
				"down": {"uv": [0, 3.5, 16, 10.5], "texture": "#1"}
			}
		},
		{
			"from": [0, 16, 0],
			"to": [16, 17, 16],
			"rotation": {"angle": 0, "axis": "y", "origin": [0, 16, 0]},
			"faces": {
				"north": {"uv": [0, 0, 16, 1], "texture": "#5"},
				"east": {"uv": [0, 0, 16, 1], "texture": "#5"},
				"south": {"uv": [0, 0, 16, 1], "texture": "#5"},
				"west": {"uv": [0, 0, 16, 1], "texture": "#5"},
				"up": {"uv": [0, 0, 16, 16], "texture": "#5"},
				"down": {"uv": [0, 0, 16, 16], "texture": "#5"}
			}
		},
		{
			"from": [1, 1, 15],
			"to": [15, 15, 15],
			"rotation": {"angle": 0, "axis": "y", "origin": [1, 1, 15]},
			"faces": {
				"north": {"uv": [0, 0, 16, 16], "texture": "#2"},
				"east": {"uv": [0, 0, 16, 16], "texture": "#2"},
				"south": {"uv": [0, 0, 16, 16], "texture": "#2"},
				"west": {"uv": [0, 0, 16, 16], "texture": "#2"},
				"up": {"uv": [0, 0, 16, 16], "texture": "#2"},
				"down": {"uv": [0, 0, 16, 16], "texture": "#2"}
			}
		},
		{
			"from": [12, 4, 15],
			"to": [13, 12, 16],
			"rotation": {"angle": 0, "axis": "y", "origin": [12, 4, 15]},
			"faces": {
				"north": {"uv": [0, 0, 1, 8], "texture": "#5"},
				"east": {"uv": [0, 0, 1, 8], "texture": "#5"},
				"south": {"uv": [0, 0, 1, 8], "texture": "#5"},
				"west": {"uv": [0, 0, 1, 8], "texture": "#5"},
				"up": {"uv": [0, 0, 1, 1], "texture": "#5"},
				"down": {"uv": [0, 0, 1, 1], "texture": "#5"}
			}
		}
	],
	"display": {
		"thirdperson_righthand": {
			"scale": [0.375, 0.375, 0.375]
		},
		"head": {
			"rotation": [-60, 0, 0],
			"translation": [0, 5, -9]
		}
	},
	"groups": [
		{
			"name": "black_shulker_box",
			"origin": [8, 8, 8],
			"color": 0,
			"children": [0, 1, 2, 3, 4, 5, 6, 7]
		}
	]
}