{
	"credit": "Made with Blockbench",
	"textures": {
		"0": "blockbench/texture_5",
		"1": "blockbench/wall_black",
		"particle": "blockbench/texture_5"
	},
	"elements": [
		{
			"from": [0, 1, 7],
			"to": [1, 2, 9],
			"faces": {
				"north": {"uv": [2.25, 12.25, 3.25, 13.25], "texture": "#1"},
				"east": {"uv": [2.25, 12.25, 4.25, 13.25], "texture": "#1"},
				"south": {"uv": [2.25, 12.25, 3.25, 13.25], "texture": "#1"},
				"west": {"uv": [2.25, 12.25, 4.25, 13.25], "texture": "#1"},
				"up": {"uv": [2.25, 12.25, 3.25, 14.25], "texture": "#1"},
				"down": {"uv": [2.25, 12.25, 3.25, 14.25], "texture": "#1"}
			}
		},
		{
			"from": [0, 15, 7],
			"to": [1, 16, 9],
			"faces": {
				"north": {"uv": [8.5, 7.5, 9.5, 8.5], "texture": "#1"},
				"east": {"uv": [8.5, 7.5, 10.5, 8.5], "texture": "#1"},
				"south": {"uv": [8.5, 7.5, 9.5, 8.5], "texture": "#1"},
				"west": {"uv": [8.5, 7.5, 10.5, 8.5], "texture": "#1"},
				"up": {"uv": [8.5, 7.5, 9.5, 9.5], "texture": "#1"},
				"down": {"uv": [8.5, 7.5, 9.5, 9.5], "texture": "#1"}
			}
		},
		{
			"from": [15, 15, 7],
			"to": [16, 16, 9],
			"faces": {
				"north": {"uv": [1.5, 12.75, 2.5, 13.75], "texture": "#1"},
				"east": {"uv": [1.5, 12.75, 3.5, 13.75], "texture": "#1"},
				"south": {"uv": [1.5, 12.75, 2.5, 13.75], "texture": "#1"},
				"west": {"uv": [1.5, 12.75, 3.5, 13.75], "texture": "#1"},
				"up": {"uv": [1.5, 12.75, 2.5, 14.75], "texture": "#1"},
				"down": {"uv": [1.5, 12.75, 2.5, 14.75], "texture": "#1"}
			}
		},
		{
			"from": [15, 1, 7],
			"to": [16, 2, 9],
			"faces": {
				"north": {"uv": [13.75, 10, 14.75, 11], "texture": "#1"},
				"east": {"uv": [13.75, 10, 15.75, 11], "texture": "#1"},
				"south": {"uv": [13.75, 10, 14.75, 11], "texture": "#1"},
				"west": {"uv": [13.75, 10, 15.75, 11], "texture": "#1"},
				"up": {"uv": [13.75, 10, 14.75, 12], "texture": "#1"},
				"down": {"uv": [13.75, 10, 14.75, 12], "texture": "#1"}
			}
		},
		{
			"from": [0, 2, 8],
			"to": [1, 15, 15.9],
			"rotation": {"angle": 0, "axis": "y", "origin": [0, 3, 8]},
			"faces": {
				"north": {"uv": [15, 1.5, 16, 14.5], "texture": "#0"},
				"east": {"uv": [0, 1.5, 16, 14.5], "texture": "#0"},
				"south": {"uv": [0, 1.5, 1, 14.5], "texture": "#0"},
				"west": {"uv": [0, 1.5, 16, 14.5], "texture": "#0"},
				"up": {"uv": [0, 1.5, 16, 2.5], "rotation": 90, "texture": "#0"},
				"down": {"uv": [0, 13.5, 16, 14.5], "rotation": 270, "texture": "#0"}
			}
		},
		{
			"from": [15, 2, 8],
			"to": [16, 15, 15.9],
			"rotation": {"angle": 0, "axis": "y", "origin": [16, 3, 8]},
			"faces": {
				"north": {"uv": [0, 1.5, 1, 14.5], "texture": "#0"},
				"east": {"uv": [0, 1.5, 16, 14.5], "texture": "#0"},
				"south": {"uv": [15, 1.5, 16, 14.5], "texture": "#0"},
				"west": {"uv": [0, 1.5, 16, 14.5], "texture": "#0"},
				"up": {"uv": [0, 1.5, 16, 2.5], "rotation": 270, "texture": "#0"},
				"down": {"uv": [0, 13.5, 16, 14.5], "rotation": 90, "texture": "#0"}
			}
		}
	]
}