{
	"credit": "Made with Blockbench",
	"textures": {
		"0": "blockbench/wall_white",
		"1": "blockbench/metal",
		"2": "blockbench/metal_grill",
		"particle": "blockbench/wall_white"
	},
	"elements": [
		{
			"from": [3, 0, 0],
			"to": [13, 6, 1],
			"faces": {
				"north": {"uv": [0, 0, 10, 6], "texture": "#0"},
				"east": {"uv": [0, 0, 1, 6], "texture": "#0"},
				"south": {"uv": [0, 0, 10, 6], "texture": "#0"},
				"west": {"uv": [0, 0, 1, 6], "texture": "#0"},
				"up": {"uv": [0, 0, 10, 1], "texture": "#0"},
				"down": {"uv": [0, 0, 10, 1], "texture": "#0"}
			}
		},
		{
			"from": [3, 0, 15],
			"to": [13, 3, 16],
			"faces": {
				"north": {"uv": [0, 0, 10, 3], "texture": "#0"},
				"east": {"uv": [0, 0, 1, 3], "texture": "#0"},
				"south": {"uv": [0, 0, 10, 3], "texture": "#0"},
				"west": {"uv": [0, 0, 1, 3], "texture": "#0"},
				"up": {"uv": [0, 0, 10, 1], "texture": "#0"},
				"down": {"uv": [0, 0, 10, 1], "texture": "#0"}
			}
		},
		{
			"from": [3, 0, 1],
			"to": [13, 0.1, 15],
			"faces": {
				"north": {"uv": [0, 0, 10, 0.1], "texture": "#0"},
				"east": {"uv": [0, 0, 14, 0.1], "texture": "#0"},
				"south": {"uv": [0, 0, 10, 0.1], "texture": "#0"},
				"west": {"uv": [0, 0, 14, 0.1], "texture": "#0"},
				"up": {"uv": [0, 0, 10, 14], "texture": "#0"},
				"down": {"uv": [0, 0, 10, 14], "texture": "#0"}
			}
		},
		{
			"from": [3, 0, 1],
			"to": [4, 3, 15],
			"faces": {
				"north": {"uv": [0, 0, 1, 3], "texture": "#0"},
				"east": {"uv": [0, 0, 14, 3], "texture": "#0"},
				"south": {"uv": [0, 0, 1, 3], "texture": "#0"},
				"west": {"uv": [0, 0, 14, 3], "texture": "#0"},
				"up": {"uv": [0, 0, 1, 14], "texture": "#0"},
				"down": {"uv": [0, 0, 1, 14], "texture": "#0"}
			}
		},
		{
			"from": [3, 3, 1],
			"to": [4, 6, 2],
			"faces": {
				"north": {"uv": [0, 0, 1, 3], "texture": "#0"},
				"east": {"uv": [0, 0, 1, 3], "texture": "#0"},
				"south": {"uv": [0, 0, 1, 3], "texture": "#0"},
				"west": {"uv": [0, 0, 1, 3], "texture": "#0"},
				"up": {"uv": [0, 0, 1, 1], "texture": "#0"},
				"down": {"uv": [0, 0, 1, 1], "texture": "#0"}
			}
		},
		{
			"from": [12, 3, 1],
			"to": [13, 6, 2],
			"faces": {
				"north": {"uv": [0, 0, 1, 3], "texture": "#0"},
				"east": {"uv": [0, 0, 1, 3], "texture": "#0"},
				"south": {"uv": [0, 0, 1, 3], "texture": "#0"},
				"west": {"uv": [0, 0, 1, 3], "texture": "#0"},
				"up": {"uv": [0, 0, 1, 1], "texture": "#0"},
				"down": {"uv": [0, 0, 1, 1], "texture": "#0"}
			}
		},
		{
			"from": [4, 5, 1],
			"to": [12, 6, 2],
			"faces": {
				"north": {"uv": [0, 0, 8, 1], "texture": "#0"},
				"east": {"uv": [0, 0, 1, 1], "texture": "#0"},
				"south": {"uv": [0, 0, 8, 1], "texture": "#0"},
				"west": {"uv": [0, 0, 1, 1], "texture": "#0"},
				"up": {"uv": [0, 0, 8, 1], "texture": "#0"},
				"down": {"uv": [0, 0, 8, 1], "texture": "#0"}
			}
		},
		{
			"from": [12, 0, 1],
			"to": [13, 3, 15],
			"faces": {
				"north": {"uv": [0, 0, 1, 3], "texture": "#0"},
				"east": {"uv": [0, 0, 14, 3], "texture": "#0"},
				"south": {"uv": [0, 0, 1, 3], "texture": "#0"},
				"west": {"uv": [0, 0, 14, 3], "texture": "#0"},
				"up": {"uv": [0, 0, 1, 14], "texture": "#0"},
				"down": {"uv": [0, 0, 1, 14], "texture": "#0"}
			}
		},
		{
			"from": [4.5, 3.5, 9],
			"to": [7.5, 4.5, 10],
			"rotation": {"angle": 45, "axis": "y", "origin": [0, 0, 0]},
			"faces": {
				"north": {"uv": [0, 0, 3, 1], "texture": "#1"},
				"east": {"uv": [0, 0, 1, 1], "texture": "#1"},
				"south": {"uv": [0, 0, 3, 1], "texture": "#1"},
				"west": {"uv": [0, 0, 1, 1], "texture": "#1"},
				"up": {"uv": [0, 0, 3, 1], "texture": "#1"},
				"down": {"uv": [0, 0, 3, 1], "texture": "#1"}
			}
		},
		{
			"from": [13, 4.5, 0.5],
			"to": [14, 5.5, 2.5],
			"faces": {
				"north": {"uv": [0, 0, 1, 1], "texture": "#1"},
				"east": {"uv": [0, 0, 2, 1], "texture": "#1"},
				"south": {"uv": [0, 0, 1, 1], "texture": "#1"},
				"west": {"uv": [0, 0, 2, 1], "texture": "#1"},
				"up": {"uv": [0, 0, 1, 2], "texture": "#1"},
				"down": {"uv": [0, 0, 1, 2], "texture": "#1"}
			}
		},
		{
			"from": [4, 0, 1],
			"to": [12, 5, 1.1],
			"faces": {
				"north": {"uv": [0, 0, 8, 5], "texture": "#2"},
				"east": {"uv": [0, 0, 0, 5], "texture": "#2"},
				"south": {"uv": [0, 0, 16, 10], "texture": "#2"},
				"west": {"uv": [0, 0, 0, 5], "texture": "#2"},
				"up": {"uv": [0, 0, 8, 0], "texture": "#2"},
				"down": {"uv": [0, 0, 8, 0], "texture": "#2"}
			}
		}
	]
}