{
	"credit": "Made with Blockbench",
	"parent": "block/block",
	"ambientocclusion": false,
	"textures": {
		"3": "blockbench/texture_2",
		"4": "blockbench/fence_wire_whatever",
		"5": "blockbench/frosted_glass",
		"9": "blockbench/texture_8",
		"particle": "blockbench/fence_wire_whatever"
	},
	"elements": [
		{
			"from": [10, 0, 11],
			"to": [12, 16, 13],
			"faces": {
				"north": {"uv": [8, 1, 10, 16], "texture": "#9"},
				"east": {"uv": [8, 1, 10, 16], "texture": "#9"},
				"south": {"uv": [8, 1, 10, 16], "texture": "#9"},
				"west": {"uv": [8, 1, 10, 16], "texture": "#9"},
				"up": {"uv": [8, 1, 10, 3], "texture": "#9", "cullface": "up"},
				"down": {"uv": [8, 1, 10, 3], "texture": "#9"}
			}
		},
		{
			"from": [4, 0, 11],
			"to": [6, 16, 13],
			"faces": {
				"north": {"uv": [8, 1, 10, 16], "texture": "#9"},
				"east": {"uv": [8, 1, 10, 16], "texture": "#9"},
				"south": {"uv": [8, 1, 10, 16], "texture": "#9"},
				"west": {"uv": [8, 1, 10, 16], "texture": "#9"},
				"up": {"uv": [8, 1, 10, 3], "texture": "#9", "cullface": "up"},
				"down": {"uv": [8, 1, 10, 3], "texture": "#9"}
			}
		},
		{
			"from": [1, 0, 13],
			"to": [15, 16, 16],
			"faces": {
				"north": {"uv": [1.5, 2.5, 14.5, 16], "texture": "#3"},
				"east": {"uv": [2.5, 2.5, 3.5, 16], "texture": "#3"},
				"south": {"uv": [1.5, 2.5, 14.5, 16], "texture": "#3"},
				"west": {"uv": [2.5, 2.5, 3.5, 16], "texture": "#3"},
				"up": {"uv": [1, 14, 15, 15], "texture": "#3"},
				"down": {"uv": [1, 14, 15, 15], "texture": "#3"}
			}
		},
		{
			"from": [8, 0, 10],
			"to": [8, 16, 13],
			"faces": {
				"north": {"uv": [0, 0, 3.75, 7], "texture": "#4"},
				"east": {"uv": [0, 0, 3.75, 7], "texture": "#4"},
				"south": {"uv": [0, 0, 3.75, 7], "texture": "#4"},
				"west": {"uv": [0, 0, 3.75, 7], "texture": "#4"},
				"up": {"uv": [0, 0, 3.75, 7], "texture": "#4"},
				"down": {"uv": [0, 0, 3.75, 7], "texture": "#4"}
			}
		},
		{
			"from": [3, 0, 9.8],
			"to": [13, 16, 10],
			"faces": {
				"north": {"uv": [2.625, 0, 12.625, 16], "texture": "#5"},
				"east": {"uv": [0, 0, 0.2, 16], "texture": "#5"},
				"south": {"uv": [2.625, 0, 12.625, 16], "texture": "#5"},
				"west": {"uv": [0, 0, 0.2, 16], "texture": "#5"},
				"up": {"uv": [0, 0, 10, 0.2], "rotation": 180, "texture": "#5"},
				"down": {"uv": [0, 0, 10, 0.2], "rotation": 180, "texture": "#5"}
			}
		}
	],
	"display": {
		"thirdperson_righthand": {
			"scale": [0.375, 0.375, 0.375]
		},
		"head": {
			"rotation": [-60, 0, 0],
			"translation": [0, 5, -9]
		}
	}
}