{
	"credit": "Made with Blockbench",
	"parent": "block/block",
	"ambientocclusion": false,
	"textures": {
		"1": "blockbench/texture_5",
		"2": "blockbench/texture_0",
		"3": "blockbench/wall_white",
		"4": "blockbench/metal",
		"5": "blockbench/wall_black",
		"6": "blockbench/metal_grill",
		"7": "blockbench/concrete_facade_tan",
		"8": "blockbench/floor_tile_blue",
		"9": "blockbench/floor_tile_red",
		"particle": "blockbench/texture_5"
	},
	"elements": [
		{
			"from": [0, 1, 0],
			"to": [16, 15, 1],
			"rotation": {"angle": 0, "axis": "y", "origin": [0, 1, 0]},
			"faces": {
				"north": {"uv": [1, 0, 15, 16], "texture": "#1"},
				"east": {"uv": [1.5, 0, 2.5, 16], "texture": "#1"},
				"south": {"uv": [1, 0, 15, 16], "texture": "#1"},
				"west": {"uv": [9, 0, 10, 16], "texture": "#1"},
				"up": {"uv": [0, 0, 16, 1], "texture": "#1"},
				"down": {"uv": [0, 0, 16, 1], "texture": "#1"}
			}
		},
		{
			"from": [15, 1, 1],
			"to": [16, 15, 16],
			"rotation": {"angle": 0, "axis": "y", "origin": [15, 1, 1]},
			"faces": {
				"north": {"uv": [0, 0, 1, 16], "texture": "#1"},
				"east": {"uv": [1, 0, 15, 16], "texture": "#1"},
				"south": {"uv": [3, 0, 4, 16], "texture": "#1"},
				"west": {"uv": [1, 0, 15, 16], "texture": "#1"},
				"up": {"uv": [0, 0, 1, 15], "texture": "#1"},
				"down": {"uv": [0, 0, 1, 15], "texture": "#1"}
			}
		},
		{
			"from": [0, 1, 1],
			"to": [1, 15, 16],
			"rotation": {"angle": 0, "axis": "y", "origin": [0, 1, 1]},
			"faces": {
				"north": {"uv": [0, 0, 1, 16], "texture": "#1"},
				"east": {"uv": [1, 0, 15, 16], "texture": "#1"},
				"south": {"uv": [3, 0, 4, 16], "texture": "#1"},
				"west": {"uv": [1, 0, 15, 16], "texture": "#1"},
				"up": {"uv": [0, 0, 1, 15], "texture": "#1"},
				"down": {"uv": [0, 0, 1, 15], "texture": "#1"}
			}
		},
		{
			"from": [0, 0, 0],
			"to": [16, 1, 16],
			"faces": {
				"north": {"uv": [0, 0, 16, 1], "texture": "#5"},
				"east": {"uv": [0, 0, 15, 1], "texture": "#5"},
				"south": {"uv": [0, 0, 16, 1], "texture": "#5"},
				"west": {"uv": [0, 0, 15, 1], "texture": "#5"},
				"up": {"uv": [0, 0, 16, 16], "texture": "#5"},
				"down": {"uv": [0, 0, 16, 16], "texture": "#5"}
			}
		},
		{
			"from": [0, 15, 0],
			"to": [1, 16, 16],
			"rotation": {"angle": 0, "axis": "y", "origin": [0, 15, 0]},
			"faces": {
				"north": {"uv": [0, 3.5, 1, 4.5], "texture": "#1"},
				"east": {"uv": [0, 8.5, 16, 9.5], "texture": "#1"},
				"south": {"uv": [0, 3.5, 1, 4.5], "texture": "#1"},
				"west": {"uv": [0, 11.5, 16, 12.5], "texture": "#1"},
				"up": {"uv": [0, 5, 1, 21], "texture": "#1"},
				"down": {"uv": [0, 3.5, 1, 19.5], "texture": "#1"}
			}
		},
		{
			"from": [15, 15, 0],
			"to": [16, 16, 16],
			"rotation": {"angle": 0, "axis": "y", "origin": [0, 15, 0]},
			"faces": {
				"north": {"uv": [0, 3.5, 1, 4.5], "texture": "#1"},
				"east": {"uv": [0, 8.5, 16, 9.5], "texture": "#1"},
				"south": {"uv": [0, 3.5, 1, 4.5], "texture": "#1"},
				"west": {"uv": [0, 11.5, 16, 12.5], "texture": "#1"},
				"up": {"uv": [0, 5, 1, 21], "texture": "#1"},
				"down": {"uv": [0, 3.5, 1, 19.5], "texture": "#1"}
			}
		},
		{
			"from": [1, 15, 0],
			"to": [15, 16, 3],
			"rotation": {"angle": 0, "axis": "y", "origin": [0, 15, 0]},
			"faces": {
				"north": {"uv": [0, 3.5, 14, 4.5], "texture": "#1"},
				"east": {"uv": [0, 8.5, 3, 9.5], "texture": "#1"},
				"south": {"uv": [0, 3.5, 14, 4.5], "texture": "#1"},
				"west": {"uv": [0, 11.5, 3, 12.5], "texture": "#1"},
				"up": {"uv": [0, 5, 14, 8], "texture": "#1"},
				"down": {"uv": [0, 3.5, 14, 6.5], "texture": "#1"}
			}
		},
		{
			"from": [1, 15, 15],
			"to": [15, 16, 16],
			"rotation": {"angle": 0, "axis": "y", "origin": [0, 15, 0]},
			"faces": {
				"north": {"uv": [0, 3.5, 14, 4.5], "texture": "#1"},
				"east": {"uv": [0, 8.5, 1, 9.5], "texture": "#1"},
				"south": {"uv": [0, 3.5, 14, 4.5], "texture": "#1"},
				"west": {"uv": [0, 11.5, 1, 12.5], "texture": "#1"},
				"up": {"uv": [0, 5, 14, 6], "texture": "#1"},
				"down": {"uv": [0, 3.5, 14, 4.5], "texture": "#1"}
			}
		},
		{
			"from": [1, 9, 1],
			"to": [15, 10, 16],
			"rotation": {"angle": 0, "axis": "y", "origin": [1, 9, 1]},
			"faces": {
				"north": {"uv": [0, 3.5, 16, 4.5], "texture": "#1"},
				"east": {"uv": [0, 8.5, 16, 9.5], "texture": "#1"},
				"south": {"uv": [0, 3.5, 16, 4.5], "texture": "#1"},
				"west": {"uv": [0, 11.5, 16, 12.5], "texture": "#1"},
				"up": {"uv": [0, 5, 16, 12], "texture": "#1"},
				"down": {"uv": [0, 3.5, 16, 10.5], "texture": "#1"}
			}
		},
		{
			"from": [0, 16, 0],
			"to": [16, 17, 4],
			"rotation": {"angle": 0, "axis": "y", "origin": [0, 16, 0]},
			"faces": {
				"north": {"uv": [0, 0, 16, 1], "texture": "#5"},
				"east": {"uv": [0, 0, 4, 1], "texture": "#5"},
				"south": {"uv": [0, 0, 16, 1], "texture": "#5"},
				"west": {"uv": [0, 0, 4, 1], "texture": "#5"},
				"up": {"uv": [0, 0, 16, 4], "texture": "#5"},
				"down": {"uv": [0, 0, 16, 4], "texture": "#5"}
			}
		},
		{
			"from": [0, 16, 13],
			"to": [16, 17, 16],
			"rotation": {"angle": 0, "axis": "y", "origin": [0, 16, 0]},
			"faces": {
				"north": {"uv": [0, 0, 16, 1], "texture": "#5"},
				"east": {"uv": [0, 0, 3, 1], "texture": "#5"},
				"south": {"uv": [0, 0, 16, 1], "texture": "#5"},
				"west": {"uv": [0, 0, 3, 1], "texture": "#5"},
				"up": {"uv": [0, 0, 16, 3], "texture": "#5"},
				"down": {"uv": [0, 0, 16, 3], "texture": "#5"}
			}
		},
		{
			"from": [0, 16, 4],
			"to": [2, 17, 13],
			"rotation": {"angle": 0, "axis": "y", "origin": [0, 16, 0]},
			"faces": {
				"north": {"uv": [0, 0, 2, 1], "texture": "#5"},
				"east": {"uv": [0, 0, 9, 1], "texture": "#5"},
				"south": {"uv": [0, 0, 2, 1], "texture": "#5"},
				"west": {"uv": [0, 0, 9, 1], "texture": "#5"},
				"up": {"uv": [0, 0, 2, 9], "texture": "#5"},
				"down": {"uv": [0, 0, 2, 9], "texture": "#5"}
			}
		},
		{
			"from": [14, 16, 4],
			"to": [16, 17, 13],
			"rotation": {"angle": 0, "axis": "y", "origin": [0, 16, 0]},
			"faces": {
				"north": {"uv": [0, 0, 2, 1], "texture": "#5"},
				"east": {"uv": [0, 0, 9, 1], "texture": "#5"},
				"south": {"uv": [0, 0, 2, 1], "texture": "#5"},
				"west": {"uv": [0, 0, 9, 1], "texture": "#5"},
				"up": {"uv": [0, 0, 2, 9], "texture": "#5"},
				"down": {"uv": [0, 0, 2, 9], "texture": "#5"}
			}
		},
		{
			"from": [1, 9, 15],
			"to": [15, 15, 15],
			"rotation": {"angle": 0, "axis": "y", "origin": [1, 9, 15]},
			"faces": {
				"north": {"uv": [0, 0, 16, 16], "texture": "#2"},
				"east": {"uv": [0, 0, 16, 16], "texture": "#2"},
				"south": {"uv": [0, 0, 16, 16], "texture": "#2"},
				"west": {"uv": [0, 0, 16, 16], "texture": "#2"},
				"up": {"uv": [0, 0, 16, 16], "texture": "#2"},
				"down": {"uv": [0, 0, 16, 16], "texture": "#2"}
			}
		},
		{
			"from": [3, 12, 15],
			"to": [13, 13, 16],
			"rotation": {"angle": 0, "axis": "y", "origin": [3, 12, 15]},
			"faces": {
				"north": {"uv": [0, 0, 1, 8], "texture": "#5"},
				"east": {"uv": [0, 0, 1, 8], "texture": "#5"},
				"south": {"uv": [0, 0, 1, 8], "texture": "#5"},
				"west": {"uv": [0, 0, 1, 8], "texture": "#5"},
				"up": {"uv": [0, 0, 1, 1], "texture": "#5"},
				"down": {"uv": [0, 0, 1, 1], "texture": "#5"}
			}
		},
		{
			"from": [1, 11, 3],
			"to": [15, 16, 4],
			"faces": {
				"north": {"uv": [0, 0, 14, 5], "texture": "#3"},
				"east": {"uv": [0, 0, 1, 5], "texture": "#3"},
				"south": {"uv": [0, 0, 14, 5], "texture": "#3"},
				"west": {"uv": [0, 0, 1, 5], "texture": "#3"},
				"up": {"uv": [0, 0, 14, 1], "texture": "#3"},
				"down": {"uv": [0, 0, 14, 1], "texture": "#3"}
			}
		},
		{
			"from": [1, 11, 13],
			"to": [15, 16, 14],
			"faces": {
				"north": {"uv": [0, 0, 14, 5], "texture": "#3"},
				"east": {"uv": [0, 0, 1, 5], "texture": "#3"},
				"south": {"uv": [0, 0, 14, 5], "texture": "#3"},
				"west": {"uv": [0, 0, 1, 5], "texture": "#3"},
				"up": {"uv": [0, 0, 14, 1], "texture": "#3"},
				"down": {"uv": [0, 0, 14, 1], "texture": "#3"}
			}
		},
		{
			"from": [1, 11, 4],
			"to": [2, 16, 13],
			"faces": {
				"north": {"uv": [0, 0, 1, 5], "texture": "#3"},
				"east": {"uv": [0, 0, 9, 5], "texture": "#3"},
				"south": {"uv": [0, 0, 1, 5], "texture": "#3"},
				"west": {"uv": [0, 0, 9, 5], "texture": "#3"},
				"up": {"uv": [0, 0, 1, 9], "texture": "#3"},
				"down": {"uv": [0, 0, 1, 9], "texture": "#3"}
			}
		},
		{
			"from": [14, 11, 4],
			"to": [15, 16, 13],
			"faces": {
				"north": {"uv": [0, 0, 1, 5], "texture": "#3"},
				"east": {"uv": [0, 0, 9, 5], "texture": "#3"},
				"south": {"uv": [0, 0, 1, 5], "texture": "#3"},
				"west": {"uv": [0, 0, 9, 5], "texture": "#3"},
				"up": {"uv": [0, 0, 1, 9], "texture": "#3"},
				"down": {"uv": [0, 0, 1, 9], "texture": "#3"}
			}
		},
		{
			"from": [2, 11, 4],
			"to": [14, 12, 13],
			"faces": {
				"north": {"uv": [0, 0, 12, 1], "texture": "#3"},
				"east": {"uv": [0, 0, 9, 1], "texture": "#3"},
				"south": {"uv": [0, 0, 12, 1], "texture": "#3"},
				"west": {"uv": [0, 0, 9, 1], "texture": "#3"},
				"up": {"uv": [0, 0, 12, 9], "texture": "#3"},
				"down": {"uv": [0, 0, 12, 9], "texture": "#3"}
			}
		},
		{
			"from": [7, 12, 7.5],
			"to": [9, 12.1, 9.5],
			"faces": {
				"north": {"uv": [0, 0, 8, 8], "texture": "#6"},
				"east": {"uv": [0, 0, 8, 8], "texture": "#6"},
				"south": {"uv": [0, 0, 8, 8], "texture": "#6"},
				"west": {"uv": [0, 0, 8, 8], "texture": "#6"},
				"up": {"uv": [0, 0, 8, 8], "texture": "#6"},
				"down": {"uv": [0, 0, 8, 8], "texture": "#6"}
			}
		},
		{
			"from": [7.5, 4, 8],
			"to": [8.5, 11, 9],
			"faces": {
				"north": {"uv": [0, 0, 1, 7], "texture": "#4"},
				"east": {"uv": [0, 0, 1, 7], "texture": "#4"},
				"south": {"uv": [0, 0, 1, 7], "texture": "#4"},
				"west": {"uv": [0, 0, 1, 7], "texture": "#4"},
				"up": {"uv": [0, 0, 1, 1], "texture": "#4"},
				"down": {"uv": [0, 0, 1, 1], "texture": "#4"}
			}
		},
		{
			"from": [9.5, 1, 1],
			"to": [10.5, 15, 2],
			"faces": {
				"north": {"uv": [0, 0, 1, 14], "texture": "#4"},
				"east": {"uv": [0, 0, 1, 14], "texture": "#4"},
				"south": {"uv": [0, 0, 1, 14], "texture": "#4"},
				"west": {"uv": [0, 0, 1, 14], "texture": "#4"},
				"up": {"uv": [0, 0, 1, 1], "texture": "#4"},
				"down": {"uv": [0, 0, 1, 1], "texture": "#4"}
			}
		},
		{
			"from": [5.5, 1, 1],
			"to": [6.5, 15, 2],
			"faces": {
				"north": {"uv": [0, 0, 1, 14], "texture": "#4"},
				"east": {"uv": [0, 0, 1, 14], "texture": "#4"},
				"south": {"uv": [0, 0, 1, 14], "texture": "#4"},
				"west": {"uv": [0, 0, 1, 14], "texture": "#4"},
				"up": {"uv": [0, 0, 1, 1], "texture": "#4"},
				"down": {"uv": [0, 0, 1, 1], "texture": "#4"}
			}
		},
		{
			"from": [7.5, 4, 1],
			"to": [8.5, 5, 8],
			"faces": {
				"north": {"uv": [0, 0, 1, 1], "texture": "#4"},
				"east": {"uv": [0, 0, 7, 1], "texture": "#4"},
				"south": {"uv": [0, 0, 1, 1], "texture": "#4"},
				"west": {"uv": [0, 0, 7, 1], "texture": "#4"},
				"up": {"uv": [0, 0, 1, 7], "texture": "#4"},
				"down": {"uv": [0, 0, 1, 7], "texture": "#4"}
			}
		},
		{
			"from": [7.5, 15, -5],
			"to": [8.5, 21, -4],
			"rotation": {"angle": 22.5, "axis": "x", "origin": [0, 0, 0]},
			"faces": {
				"north": {"uv": [0, 0, 1, 6], "texture": "#4"},
				"east": {"uv": [0, 0, 1, 6], "texture": "#4"},
				"south": {"uv": [0, 0, 1, 6], "texture": "#4"},
				"west": {"uv": [0, 0, 1, 6], "texture": "#4"},
				"up": {"uv": [0, 0, 1, 1], "texture": "#4"},
				"down": {"uv": [0, 0, 1, 1], "texture": "#4"}
			}
		},
		{
			"from": [7.5, 20, -4],
			"to": [8.5, 21, -2],
			"rotation": {"angle": 22.5, "axis": "x", "origin": [0, 0, 0]},
			"faces": {
				"north": {"uv": [0, 0, 16, 0], "texture": "#4"},
				"east": {"uv": [0, 0, 16, 0], "texture": "#4"},
				"south": {"uv": [0, 0, 8, 8], "texture": "#6"},
				"west": {"uv": [0, 0, 16, 0], "texture": "#4"},
				"up": {"uv": [0, 0, 16, 0], "texture": "#4"},
				"down": {"uv": [0, 0, 16, 0], "texture": "#4"}
			}
		},
		{
			"from": [5.5, 17, 1],
			"to": [10.5, 17.5, 3],
			"faces": {
				"north": {"uv": [0, 0, 5, 0.5], "texture": "#4"},
				"east": {"uv": [0, 0, 2, 0.5], "texture": "#4"},
				"south": {"uv": [0, 0, 5, 0.5], "texture": "#4"},
				"west": {"uv": [0, 0, 2, 0.5], "texture": "#4"},
				"up": {"uv": [0, 0, 5, 2], "texture": "#4"},
				"down": {"uv": [0, 0, 5, 2], "texture": "#4"}
			}
		},
		{
			"from": [6, 17.5, 1.5],
			"to": [7, 18.5, 2.5],
			"faces": {
				"north": {"uv": [0, 0, 1, 1], "texture": "#7"},
				"east": {"uv": [0, 0, 1, 1], "texture": "#7"},
				"south": {"uv": [0, 0, 1, 1], "texture": "#7"},
				"west": {"uv": [0, 0, 1, 1], "texture": "#7"},
				"up": {"uv": [0, 0, 1, 1], "texture": "#9"},
				"down": {"uv": [0, 0, 1, 1], "texture": "#7"}
			}
		},
		{
			"from": [9, 17.5, 1.5],
			"to": [10, 18.5, 2.5],
			"faces": {
				"north": {"uv": [0, 0, 1, 1], "texture": "#7"},
				"east": {"uv": [0, 0, 1, 1], "texture": "#7"},
				"south": {"uv": [0, 0, 1, 1], "texture": "#7"},
				"west": {"uv": [0, 0, 1, 1], "texture": "#7"},
				"up": {"uv": [0, 0, 1, 1], "texture": "#8"},
				"down": {"uv": [0, 0, 1, 1], "texture": "#7"}
			}
		}
	],
	"display": {
		"thirdperson_righthand": {
			"scale": [0.375, 0.375, 0.375]
		},
		"head": {
			"rotation": [-60, 0, 0],
			"translation": [0, 5, -9]
		}
	},
	"groups": [
		{
			"name": "black_shulker_box",
			"origin": [8, 8, 8],
			"color": 0,
			"children": [
				0,
				1,
				2,
				3,
				4,
				5,
				6,
				7,
				8,
				9,
				10,
				11,
				12,
				13,
				14,
				{
					"name": "SINK BASIN",
					"origin": [0, 0, 0],
					"color": 0,
					"children": [15, 16, 17, 18, 19, 20, 21, 22, 23, 24]
				}
			]
		},
		25,
		26,
		27,
		28,
		29
	]
}