{
	"credit": "Made with Blockbench",
	"parent": "block/block",
	"ambientocclusion": false,
	"textures": {
		"1": "blockbench/frosted_glass",
		"2": "blockbench/metal",
		"3": "blockbench/light",
		"particle": "blockbench/frosted_glass"
	},
	"elements": [
		{
			"from": [15, 9, 0],
			"to": [16, 16, 32],
			"faces": {
				"north": {"uv": [0, 0, 1, 1], "rotation": 180, "texture": "#2"},
				"east": {"uv": [0, 0, 1, 16], "rotation": 270, "texture": "#2"},
				"south": {"uv": [0, 0, 1, 1], "texture": "#2"},
				"west": {"uv": [0, 0, 1, 16], "rotation": 90, "texture": "#2"},
				"up": {"uv": [0, 0, 1, 16], "rotation": 180, "texture": "#2"},
				"down": {"uv": [0, 0, 1, 16], "texture": "#2"}
			}
		},
		{
			"from": [-16, 9, 0],
			"to": [-15, 16, 32],
			"faces": {
				"north": {"uv": [0, 0, 1, 1], "rotation": 180, "texture": "#2"},
				"east": {"uv": [0, 0, 1, 16], "rotation": 270, "texture": "#2"},
				"south": {"uv": [0, 0, 1, 1], "texture": "#2"},
				"west": {"uv": [0, 0, 1, 16], "rotation": 90, "texture": "#2"},
				"up": {"uv": [0, 0, 1, 16], "rotation": 180, "texture": "#2"},
				"down": {"uv": [0, 0, 1, 16], "texture": "#2"}
			}
		},
		{
			"from": [-15, 9, 0],
			"to": [15, 16, 1],
			"faces": {
				"north": {"uv": [0, 0, 16, 1], "rotation": 180, "texture": "#2"},
				"east": {"uv": [0, 0, 1, 1], "rotation": 270, "texture": "#2"},
				"south": {"uv": [0, 0, 16, 1], "texture": "#2"},
				"west": {"uv": [0, 0, 1, 1], "rotation": 90, "texture": "#2"},
				"up": {"uv": [0, 0, 16, 1], "rotation": 180, "texture": "#2"},
				"down": {"uv": [0, 0, 16, 1], "texture": "#2"}
			}
		},
		{
			"from": [-15, 9, 31],
			"to": [15, 16, 32],
			"faces": {
				"north": {"uv": [0, 0, 16, 1], "rotation": 180, "texture": "#2"},
				"east": {"uv": [0, 0, 1, 1], "rotation": 270, "texture": "#2"},
				"south": {"uv": [0, 0, 16, 1], "texture": "#2"},
				"west": {"uv": [0, 0, 1, 1], "rotation": 90, "texture": "#2"},
				"up": {"uv": [0, 0, 16, 1], "rotation": 180, "texture": "#2"},
				"down": {"uv": [0, 0, 16, 1], "texture": "#2"}
			}
		},
		{
			"from": [-15, 9.9, 1],
			"to": [15, 10, 31],
			"faces": {
				"north": {"uv": [0, 0, 16, 0.1], "rotation": 180, "texture": "#1"},
				"east": {"uv": [0, 0, 0.1, 16], "rotation": 270, "texture": "#1"},
				"south": {"uv": [0, 0, 16, 0.1], "texture": "#1"},
				"west": {"uv": [0, 0, 0.1, 16], "rotation": 90, "texture": "#1"},
				"up": {"uv": [0, 0, 16, 16], "rotation": 180, "texture": "#1"},
				"down": {"uv": [0, 0, 16, 16], "texture": "#1"}
			}
		},
		{
			"from": [-15, 15, 1],
			"to": [15, 16, 31],
			"faces": {
				"north": {"uv": [0, 0, 16, 16], "texture": "#3"},
				"east": {"uv": [0, 0, 16, 16], "texture": "#3"},
				"south": {"uv": [0, 0, 16, 16], "texture": "#3"},
				"west": {"uv": [0, 0, 16, 16], "texture": "#3"},
				"up": {"uv": [0, 0, 16, 16], "texture": "#3"},
				"down": {"uv": [0, 0, 16, 16], "texture": "#3"}
			}
		}
	],
	"display": {
		"thirdperson_righthand": {
			"scale": [0.375, 0.375, 0.375]
		},
		"head": {
			"rotation": [-60, 0, 0],
			"translation": [0, 5, -9]
		}
	},
	"groups": [
		{
			"name": "WINDOW_FRAME",
			"origin": [0, 0, 0],
			"color": 0,
			"children": [0, 1, 2, 3]
		},
		{
			"name": "WINDOW_PANES",
			"origin": [0, 0, 0],
			"color": 0,
			"children": [4]
		},
		5
	]
}