{
	"credit": "Made with Blockbench",
	"textures": {
		"0": "blockbench/texture_5",
		"1": "blockbench/wall_green",
		"2": "blockbench/wall_black",
		"3": "blockbench/fence_wire_whatever",
		"particle": "blockbench/texture_5"
	},
	"elements": [
		{
			"from": [-16, 0, 1],
			"to": [0, 16, 17],
			"faces": {
				"north": {"uv": [0, 0, 16, 16], "texture": "#0"},
				"east": {"uv": [0, 0, 16, 16], "texture": "#0"},
				"south": {"uv": [0, 0, 16, 16], "texture": "#0"},
				"west": {"uv": [0, 0, 16, 16], "texture": "#0"},
				"up": {"uv": [0, 0, 16, 16], "rotation": 180, "texture": "#0"},
				"down": {"uv": [0, 0, 16, 16], "rotation": 180, "texture": "#0"}
			}
		},
		{
			"from": [0, 0, 1],
			"to": [16, 16, 17],
			"faces": {
				"north": {"uv": [0, 0, 16, 16], "texture": "#0"},
				"east": {"uv": [0, 0, 16, 16], "texture": "#0"},
				"south": {"uv": [0, 0, 16, 16], "texture": "#0"},
				"west": {"uv": [0, 0, 16, 16], "texture": "#0"},
				"up": {"uv": [0, 0, 16, 16], "rotation": 180, "texture": "#0"},
				"down": {"uv": [0, 0, 16, 16], "rotation": 180, "texture": "#0"}
			}
		},
		{
			"from": [16, 0, 1],
			"to": [32, 16, 17],
			"faces": {
				"north": {"uv": [0, 0, 16, 16], "texture": "#0"},
				"east": {"uv": [0, 0, 16, 16], "texture": "#0"},
				"south": {"uv": [0, 0, 16, 16], "texture": "#0"},
				"west": {"uv": [0, 0, 16, 16], "texture": "#0"},
				"up": {"uv": [0, 0, 16, 16], "rotation": 180, "texture": "#0"},
				"down": {"uv": [0, 0, 16, 16], "rotation": 180, "texture": "#0"}
			}
		},
		{
			"from": [-16, 16, 15],
			"to": [0, 19, 16],
			"faces": {
				"north": {"uv": [0, 0, 16, 3], "texture": "#1"},
				"east": {"uv": [0, 0, 1, 3], "texture": "#1"},
				"south": {"uv": [0, 0, 16, 3], "texture": "#1"},
				"west": {"uv": [0, 0, 1, 3], "texture": "#1"},
				"up": {"uv": [0, 0, 16, 1], "rotation": 180, "texture": "#1"},
				"down": {"uv": [0, 0, 16, 1], "rotation": 180, "texture": "#1"}
			}
		},
		{
			"from": [16, 16, 15],
			"to": [32, 19, 16],
			"faces": {
				"north": {"uv": [0, 0, 16, 3], "texture": "#1"},
				"east": {"uv": [0, 0, 1, 3], "texture": "#1"},
				"south": {"uv": [0, 0, 16, 3], "texture": "#1"},
				"west": {"uv": [0, 0, 1, 3], "texture": "#1"},
				"up": {"uv": [0, 0, 16, 1], "rotation": 180, "texture": "#1"},
				"down": {"uv": [0, 0, 16, 1], "rotation": 180, "texture": "#1"}
			}
		},
		{
			"from": [0, 16, 15],
			"to": [16, 19, 16],
			"faces": {
				"north": {"uv": [0, 0, 16, 3], "texture": "#1"},
				"east": {"uv": [0, 0, 1, 3], "texture": "#1"},
				"south": {"uv": [0, 0, 16, 3], "texture": "#1"},
				"west": {"uv": [0, 0, 1, 3], "texture": "#1"},
				"up": {"uv": [0, 0, 16, 1], "rotation": 180, "texture": "#1"},
				"down": {"uv": [0, 0, 16, 1], "rotation": 180, "texture": "#1"}
			}
		},
		{
			"from": [0, 16, 9],
			"to": [16, 19, 15],
			"faces": {
				"north": {"uv": [0, 0, 16, 3], "texture": "#0"},
				"east": {"uv": [0, 0, 6, 3], "texture": "#0"},
				"south": {"uv": [0, 0, 16, 3], "texture": "#0"},
				"west": {"uv": [0, 0, 6, 3], "texture": "#0"},
				"up": {"uv": [0, 0, 16, 6], "rotation": 180, "texture": "#0"},
				"down": {"uv": [0, 0, 16, 6], "rotation": 180, "texture": "#0"}
			}
		},
		{
			"from": [-16, 16, 9],
			"to": [0, 19, 15],
			"faces": {
				"north": {"uv": [0, 0, 16, 3], "texture": "#0"},
				"east": {"uv": [0, 0, 6, 3], "texture": "#0"},
				"south": {"uv": [0, 0, 16, 3], "texture": "#0"},
				"west": {"uv": [0, 0, 6, 3], "texture": "#0"},
				"up": {"uv": [0, 0, 16, 6], "rotation": 180, "texture": "#0"},
				"down": {"uv": [0, 0, 16, 6], "rotation": 180, "texture": "#0"}
			}
		},
		{
			"from": [16, 16, 9],
			"to": [32, 19, 15],
			"faces": {
				"north": {"uv": [0, 0, 16, 3], "texture": "#0"},
				"east": {"uv": [0, 0, 6, 3], "texture": "#0"},
				"south": {"uv": [0, 0, 16, 3], "texture": "#0"},
				"west": {"uv": [0, 0, 6, 3], "texture": "#0"},
				"up": {"uv": [0, 0, 16, 6], "rotation": 180, "texture": "#0"},
				"down": {"uv": [0, 0, 16, 6], "rotation": 180, "texture": "#0"}
			}
		},
		{
			"from": [-16, 19, 9],
			"to": [0, 20, 17],
			"faces": {
				"north": {"uv": [0, 0, 16, 1], "texture": "#2"},
				"east": {"uv": [0, 0, 8, 1], "texture": "#2"},
				"south": {"uv": [0, 0, 16, 1], "texture": "#2"},
				"west": {"uv": [0, 0, 8, 1], "texture": "#2"},
				"up": {"uv": [0, 0, 16, 8], "rotation": 180, "texture": "#2"},
				"down": {"uv": [0, 0, 16, 8], "rotation": 180, "texture": "#2"}
			}
		},
		{
			"from": [0, 19, 9],
			"to": [16, 20, 17],
			"faces": {
				"north": {"uv": [0, 0, 16, 1], "texture": "#2"},
				"east": {"uv": [0, 0, 8, 1], "texture": "#2"},
				"south": {"uv": [0, 0, 16, 1], "texture": "#2"},
				"west": {"uv": [0, 0, 8, 1], "texture": "#2"},
				"up": {"uv": [0, 0, 16, 8], "rotation": 180, "texture": "#2"},
				"down": {"uv": [0, 0, 16, 8], "rotation": 180, "texture": "#2"}
			}
		},
		{
			"from": [16, 19, 9],
			"to": [32, 20, 17],
			"faces": {
				"north": {"uv": [0, 0, 16, 1], "texture": "#2"},
				"east": {"uv": [0, 0, 8, 1], "texture": "#2"},
				"south": {"uv": [0, 0, 16, 1], "texture": "#2"},
				"west": {"uv": [0, 0, 8, 1], "texture": "#2"},
				"up": {"uv": [0, 0, 16, 8], "rotation": 180, "texture": "#2"},
				"down": {"uv": [0, 0, 16, 8], "rotation": 180, "texture": "#2"}
			}
		},
		{
			"from": [0, 16, 1],
			"to": [16, 17, 9],
			"faces": {
				"north": {"uv": [0, 0, 16, 1], "texture": "#2"},
				"east": {"uv": [0, 0, 8, 1], "texture": "#2"},
				"south": {"uv": [0, 0, 16, 1], "texture": "#2"},
				"west": {"uv": [0, 0, 8, 1], "texture": "#2"},
				"up": {"uv": [0, 0, 16, 8], "rotation": 180, "texture": "#2"},
				"down": {"uv": [0, 0, 16, 8], "rotation": 180, "texture": "#2"}
			}
		},
		{
			"from": [-16, 16, 1],
			"to": [0, 17, 9],
			"faces": {
				"north": {"uv": [0, 0, 16, 1], "texture": "#2"},
				"east": {"uv": [0, 0, 8, 1], "texture": "#2"},
				"south": {"uv": [0, 0, 16, 1], "texture": "#2"},
				"west": {"uv": [0, 0, 8, 1], "texture": "#2"},
				"up": {"uv": [0, 0, 16, 8], "rotation": 180, "texture": "#2"},
				"down": {"uv": [0, 0, 16, 8], "rotation": 180, "texture": "#2"}
			}
		},
		{
			"from": [16, 16, 1],
			"to": [32, 17, 9],
			"faces": {
				"north": {"uv": [0, 0, 16, 1], "texture": "#2"},
				"east": {"uv": [0, 0, 8, 1], "texture": "#2"},
				"south": {"uv": [0, 0, 16, 1], "texture": "#2"},
				"west": {"uv": [0, 0, 8, 1], "texture": "#2"},
				"up": {"uv": [0, 0, 16, 8], "rotation": 180, "texture": "#2"},
				"down": {"uv": [0, 0, 16, 8], "rotation": 180, "texture": "#2"}
			}
		},
		{
			"from": [-16, 5, 17.1],
			"to": [0, 7, 17.1],
			"faces": {
				"north": {"uv": [0, 0, 16, 2], "texture": "#3"},
				"east": {"uv": [0, 0, 0, 2], "texture": "#3"},
				"south": {"uv": [0, 0, 16, 2], "texture": "#3"},
				"west": {"uv": [0, 0, 0, 2], "texture": "#3"},
				"up": {"uv": [0, 0, 16, 0], "rotation": 180, "texture": "#3"},
				"down": {"uv": [0, 0, 16, 0], "rotation": 180, "texture": "#3"}
			}
		},
		{
			"from": [16, 5, 17.1],
			"to": [32, 7, 17.1],
			"faces": {
				"north": {"uv": [0, 0, 16, 2], "texture": "#3"},
				"east": {"uv": [0, 0, 0, 2], "texture": "#3"},
				"south": {"uv": [0, 0, 16, 2], "texture": "#3"},
				"west": {"uv": [0, 0, 0, 2], "texture": "#3"},
				"up": {"uv": [0, 0, 16, 0], "rotation": 180, "texture": "#3"},
				"down": {"uv": [0, 0, 16, 0], "rotation": 180, "texture": "#3"}
			}
		},
		{
			"from": [0, 5, 17.1],
			"to": [16, 7, 17.1],
			"faces": {
				"north": {"uv": [0, 0, 16, 2], "texture": "#3"},
				"east": {"uv": [0, 0, 0, 2], "texture": "#3"},
				"south": {"uv": [0, 0, 16, 2], "texture": "#3"},
				"west": {"uv": [0, 0, 0, 2], "texture": "#3"},
				"up": {"uv": [0, 0, 16, 0], "rotation": 180, "texture": "#3"},
				"down": {"uv": [0, 0, 16, 0], "rotation": 180, "texture": "#3"}
			}
		}
	]
}