{
	"credit": "Made with Blockbench",
	"textures": {
		"1": "blockbench/metal_grill",
		"2": "blockbench/red_color",
		"3": "blockbench/light",
		"4": "blockbench/label_fire",
		"particle": "blockbench/red_color"
	},
	"elements": [
		{
			"from": [7.2, 3, 2],
			"to": [11, 5, 5],
			"rotation": {"angle": -22.5, "axis": "z", "origin": [8, 3, 3]},
			"faces": {
				"north": {"uv": [0, 0, 0, 0], "texture": "#3"},
				"east": {"uv": [0, 0, 0, 0], "texture": "#3"},
				"south": {"uv": [0, 0, 0, 0], "texture": "#3"},
				"west": {"uv": [0, 0, 0, 0], "texture": "#3"},
				"up": {"uv": [0, 0, 16, 16], "texture": "#3"},
				"down": {"uv": [0, 0, 16, 16], "texture": "#3"}
			}
		},
		{
			"from": [7.5, 5.1, 2.5],
			"to": [11, 5.1, 4.5],
			"rotation": {"angle": -22.5, "axis": "z", "origin": [8, 3, 3]},
			"faces": {
				"north": {"uv": [0, 0, 0, 0], "texture": "#4"},
				"east": {"uv": [0, 0, 0, 0], "texture": "#4"},
				"south": {"uv": [0, 0, 0, 0], "texture": "#4"},
				"west": {"uv": [0, 0, 0, 0], "texture": "#4"},
				"up": {"uv": [0, 0, 16, 16], "rotation": 180, "texture": "#4"},
				"down": {"uv": [0, 0, 16, 16], "texture": "#4"}
			}
		},
		{
			"from": [5, 3, 2],
			"to": [8.8, 5, 5],
			"rotation": {"angle": 22.5, "axis": "z", "origin": [8, 3, 3]},
			"faces": {
				"north": {"uv": [0, 0, 0, 0], "texture": "#3"},
				"east": {"uv": [0, 0, 0, 0], "texture": "#3"},
				"south": {"uv": [0, 0, 0, 0], "texture": "#3"},
				"west": {"uv": [0, 0, 0, 0], "texture": "#3"},
				"up": {"uv": [0, 0, 16, 16], "texture": "#3"},
				"down": {"uv": [0, 0, 16, 16], "texture": "#3"}
			}
		},
		{
			"from": [5, 5.1, 2.5],
			"to": [8.5, 5.1, 4.5],
			"rotation": {"angle": 22.5, "axis": "z", "origin": [8, 3, 3]},
			"faces": {
				"north": {"uv": [0, 0, 0, 0], "texture": "#4"},
				"east": {"uv": [0, 0, 0, 0], "texture": "#4"},
				"south": {"uv": [0, 0, 0, 0], "texture": "#4"},
				"west": {"uv": [0, 0, 0, 0], "texture": "#4"},
				"up": {"uv": [0, 0, 16, 16], "rotation": 180, "texture": "#4"},
				"down": {"uv": [0, 0, 16, 16], "texture": "#4"}
			}
		},
		{
			"from": [3, 0, 1],
			"to": [13, 3, 15],
			"faces": {
				"north": {"uv": [0, 0, 10, 3], "texture": "#2"},
				"east": {"uv": [0, 0, 3, 10], "rotation": 270, "texture": "#2"},
				"south": {"uv": [0, 0, 10, 3], "rotation": 180, "texture": "#2"},
				"west": {"uv": [0, 0, 3, 10], "rotation": 90, "texture": "#2"},
				"up": {"uv": [0, 0, 10, 10], "rotation": 180, "texture": "#2"},
				"down": {"uv": [0, 0, 10, 10], "texture": "#2"}
			}
		},
		{
			"from": [4, 3, 6],
			"to": [12, 3.5, 14],
			"faces": {
				"north": {"uv": [0, 0, 8, 0.5], "texture": "#2"},
				"east": {"uv": [0, 0, 0.5, 8], "rotation": 270, "texture": "#2"},
				"south": {"uv": [0, 0, 8, 0.5], "rotation": 180, "texture": "#2"},
				"west": {"uv": [0, 0, 0.5, 8], "rotation": 90, "texture": "#2"},
				"up": {"uv": [0, 0, 8, 8], "rotation": 180, "texture": "#1"},
				"down": {"uv": [0, 0, 8, 8], "texture": "#2"}
			}
		}
	],
	"groups": [
		{
			"name": "LIGHT",
			"origin": [8, 3, 3],
			"color": 0,
			"children": [0, 1, 2, 3]
		},
		{
			"name": "HORN",
			"origin": [0, 0, 0],
			"color": 0,
			"children": [4, 5]
		}
	]
}