{
	"credit": "Made with Blockbench",
	"textures": {
		"0": "blockbench/metal",
		"1": "blockbench/window",
		"particle": "blockbench/metal"
	},
	"elements": [
		{
			"from": [0.5, -16, 15],
			"to": [15.5, -15.5, 16],
			"faces": {
				"north": {"uv": [0, 0, 15, 0.5], "texture": "#0"},
				"east": {"uv": [0, 0, 1, 0.5], "texture": "#0"},
				"south": {"uv": [0, 0, 15, 0.5], "texture": "#0"},
				"west": {"uv": [0, 0, 1, 0.5], "texture": "#0"},
				"up": {"uv": [0, 0, 1, 15], "rotation": 270, "texture": "#0"},
				"down": {"uv": [0, 0, 1, 15], "rotation": 90, "texture": "#0"}
			}
		},
		{
			"from": [0.5, 31.5, 15],
			"to": [15.5, 32, 16],
			"faces": {
				"north": {"uv": [0, 0, 15, 0.5], "texture": "#0"},
				"east": {"uv": [0, 0, 1, 0.5], "texture": "#0"},
				"south": {"uv": [0, 0, 15, 0.5], "texture": "#0"},
				"west": {"uv": [0, 0, 1, 0.5], "texture": "#0"},
				"up": {"uv": [0, 0, 1, 15], "rotation": 270, "texture": "#0"},
				"down": {"uv": [0, 0, 1, 15], "rotation": 90, "texture": "#0"}
			}
		},
		{
			"from": [15.5, -16, 15],
			"to": [16, 32, 16],
			"faces": {
				"north": {"uv": [0, 0, 0.5, 16], "texture": "#0"},
				"east": {"uv": [0, 0, 1, 16], "texture": "#0"},
				"south": {"uv": [0, 0, 0.5, 16], "texture": "#0"},
				"west": {"uv": [0, 0, 1, 16], "texture": "#0"},
				"up": {"uv": [0, 0, 1, 0.5], "rotation": 270, "texture": "#0"},
				"down": {"uv": [0, 0, 1, 0.5], "rotation": 90, "texture": "#0"}
			}
		},
		{
			"from": [0, -16, 15],
			"to": [0.5, 32, 16],
			"faces": {
				"north": {"uv": [0, 0, 0.5, 16], "texture": "#0"},
				"east": {"uv": [0, 0, 1, 16], "texture": "#0"},
				"south": {"uv": [0, 0, 0.5, 16], "texture": "#0"},
				"west": {"uv": [0, 0, 1, 16], "texture": "#0"},
				"up": {"uv": [0, 0, 1, 0.5], "rotation": 270, "texture": "#0"},
				"down": {"uv": [0, 0, 1, 0.5], "rotation": 90, "texture": "#0"}
			}
		},
		{
			"from": [0, -8, 15.5],
			"to": [8, 0, 15.5],
			"faces": {
				"north": {"uv": [0, 0, 16, 16], "texture": "#1"},
				"east": {"uv": [0, 0, 0, 8], "texture": "#1"},
				"south": {"uv": [0, 0, 16, 16], "texture": "#1"},
				"west": {"uv": [0, 0, 0, 8], "texture": "#1"},
				"up": {"uv": [0, 0, 0, 8], "rotation": 270, "texture": "#1"},
				"down": {"uv": [0, 0, 0, 8], "rotation": 90, "texture": "#1"}
			}
		},
		{
			"from": [8, -8, 15.5],
			"to": [16, 0, 15.5],
			"faces": {
				"north": {"uv": [0, 0, 16, 16], "texture": "#1"},
				"east": {"uv": [0, 0, 0, 8], "texture": "#1"},
				"south": {"uv": [0, 0, 16, 16], "texture": "#1"},
				"west": {"uv": [0, 0, 0, 8], "texture": "#1"},
				"up": {"uv": [0, 0, 0, 8], "rotation": 270, "texture": "#1"},
				"down": {"uv": [0, 0, 0, 8], "rotation": 90, "texture": "#1"}
			}
		},
		{
			"from": [0, 0, 15.5],
			"to": [16, 16, 15.5],
			"faces": {
				"north": {"uv": [0, 0, 16, 16], "texture": "#1"},
				"east": {"uv": [0, 0, 0, 8], "texture": "#1"},
				"south": {"uv": [0, 0, 16, 16], "texture": "#1"},
				"west": {"uv": [0, 0, 0, 8], "texture": "#1"},
				"up": {"uv": [0, 0, 0, 8], "rotation": 270, "texture": "#1"},
				"down": {"uv": [0, 0, 0, 8], "rotation": 90, "texture": "#1"}
			}
		},
		{
			"from": [0, 16, 15.5],
			"to": [16, 32, 15.5],
			"faces": {
				"north": {"uv": [0, 0, 16, 16], "texture": "#1"},
				"east": {"uv": [0, 0, 0, 8], "texture": "#1"},
				"south": {"uv": [0, 0, 16, 16], "texture": "#1"},
				"west": {"uv": [0, 0, 0, 8], "texture": "#1"},
				"up": {"uv": [0, 0, 0, 8], "rotation": 270, "texture": "#1"},
				"down": {"uv": [0, 0, 0, 8], "rotation": 90, "texture": "#1"}
			}
		},
		{
			"from": [8, -16, 15.5],
			"to": [16, -8, 15.5],
			"faces": {
				"north": {"uv": [0, 0, 16, 16], "texture": "#1"},
				"east": {"uv": [0, 0, 0, 8], "texture": "#1"},
				"south": {"uv": [0, 0, 16, 16], "texture": "#1"},
				"west": {"uv": [0, 0, 0, 8], "texture": "#1"},
				"up": {"uv": [0, 0, 0, 8], "rotation": 270, "texture": "#1"},
				"down": {"uv": [0, 0, 0, 8], "rotation": 90, "texture": "#1"}
			}
		},
		{
			"from": [0, -16, 15.5],
			"to": [8, -8, 15.5],
			"faces": {
				"north": {"uv": [0, 0, 16, 16], "texture": "#1"},
				"east": {"uv": [0, 0, 0, 8], "texture": "#1"},
				"south": {"uv": [0, 0, 16, 16], "texture": "#1"},
				"west": {"uv": [0, 0, 0, 8], "texture": "#1"},
				"up": {"uv": [0, 0, 0, 8], "rotation": 270, "texture": "#1"},
				"down": {"uv": [0, 0, 0, 8], "rotation": 90, "texture": "#1"}
			}
		}
	],
	"groups": [
		{
			"name": "FRAME",
			"origin": [0, 0, 0],
			"color": 0,
			"children": [0, 1, 2, 3]
		},
		{
			"name": "PANES",
			"origin": [8, 8, 8],
			"color": 0,
			"children": [4, 5, 6, 7, 8, 9]
		}
	]
}