{
	"credit": "Made with Blockbench",
	"textures": {
		"3": "blockbench/fence_wire_whatever",
		"4": "blockbench/wall_black",
		"5": "blockbench/light_off",
		"6": "blockbench/light",
		"7": "blockbench/metal",
		"particle": "blockbench/texture_5"
	},
	"elements": [
		{
			"from": [-9, 0, 7],
			"to": [5, 1, 13],
			"rotation": {"angle": 22.5, "axis": "y", "origin": [0, 0, 0]},
			"faces": {
				"north": {"uv": [0, 0, 14, 1], "texture": "#4"},
				"east": {"uv": [0, 0, 6, 1], "texture": "#4"},
				"south": {"uv": [0, 0, 14, 1], "texture": "#4"},
				"west": {"uv": [0, 0, 6, 1], "texture": "#4"},
				"up": {"uv": [0, 0, 14, 6], "texture": "#4"},
				"down": {"uv": [0, 0, 14, 6], "texture": "#4"}
			}
		},
		{
			"from": [-8, 1.1, 8],
			"to": [4, 1.1, 12],
			"rotation": {"angle": 22.5, "axis": "y", "origin": [0, 0, 0]},
			"faces": {
				"north": {"uv": [0, 0, 12, 0], "texture": "#3"},
				"east": {"uv": [0, 0, 4, 0], "texture": "#3"},
				"south": {"uv": [0, 0, 12, 0], "texture": "#3"},
				"west": {"uv": [0, 0, 4, 0], "texture": "#3"},
				"up": {"uv": [0, 0, 12, 4], "texture": "#3"},
				"down": {"uv": [0, 0, 12, 4], "texture": "#3"}
			}
		},
		{
			"from": [-3, 0, 5],
			"to": [-1, 10, 6],
			"rotation": {"angle": 22.5, "axis": "y", "origin": [0, 0, 0]},
			"faces": {
				"north": {"uv": [0, 0, 2, 10], "texture": "#4"},
				"east": {"uv": [0, 0, 1, 10], "texture": "#4"},
				"south": {"uv": [0, 0, 2, 10], "texture": "#4"},
				"west": {"uv": [0, 0, 1, 10], "texture": "#4"},
				"up": {"uv": [0, 0, 2, 1], "texture": "#4"},
				"down": {"uv": [0, 0, 2, 1], "texture": "#4"}
			}
		},
		{
			"from": [-9, 2, 6],
			"to": [5, 12, 7],
			"rotation": {"angle": 22.5, "axis": "y", "origin": [0, 0, 0]},
			"faces": {
				"north": {"uv": [0, 0, 14, 10], "texture": "#4"},
				"east": {"uv": [0, 0, 1, 10], "texture": "#4"},
				"south": {"uv": [0, 0, 14, 10], "texture": "#4"},
				"west": {"uv": [0, 0, 1, 10], "texture": "#4"},
				"up": {"uv": [0, 0, 14, 1], "texture": "#4"},
				"down": {"uv": [0, 0, 14, 1], "texture": "#4"}
			}
		},
		{
			"from": [-8, 3, 7.1],
			"to": [4, 11, 7.1],
			"rotation": {"angle": 22.5, "axis": "y", "origin": [0, 0, 0]},
			"faces": {
				"north": {"uv": [0, 0, 16, 16], "texture": "#5"},
				"east": {"uv": [0, 0, 16, 16], "texture": "#5"},
				"south": {"uv": [0, 0, 16, 16], "texture": "#5"},
				"west": {"uv": [0, 0, 16, 16], "texture": "#5"},
				"up": {"uv": [0, 0, 16, 16], "texture": "#5"},
				"down": {"uv": [0, 0, 16, 16], "texture": "#5"}
			}
		},
		{
			"from": [15, 0, 4],
			"to": [17, 1, 7],
			"rotation": {"angle": -22.5, "axis": "y", "origin": [0, 0, 0]},
			"faces": {
				"north": {"uv": [11.25, 10.5, 13.25, 11.5], "texture": "#4"},
				"east": {"uv": [11.25, 10.5, 14.25, 11.5], "texture": "#4"},
				"south": {"uv": [11.25, 10.5, 13.25, 11.5], "texture": "#4"},
				"west": {"uv": [11.25, 10.5, 14.25, 11.5], "texture": "#4"},
				"up": {"uv": [11.25, 10.5, 13.25, 13.5], "texture": "#4"},
				"down": {"uv": [11.25, 10.5, 13.25, 13.5], "texture": "#4"}
			}
		},
		{
			"from": [12, 0, 3],
			"to": [13, 6, 4],
			"faces": {
				"north": {"uv": [0, 0, 1, 6], "texture": "#7"},
				"east": {"uv": [0, 0, 1, 6], "texture": "#7"},
				"south": {"uv": [0, 0, 1, 6], "texture": "#7"},
				"west": {"uv": [0, 0, 1, 6], "texture": "#7"},
				"up": {"uv": [0, 0, 1, 1], "texture": "#7"},
				"down": {"uv": [0, 0, 1, 1], "texture": "#7"}
			}
		},
		{
			"from": [10.5, 5, 1.5],
			"to": [14.5, 9, 5.5],
			"faces": {
				"north": {"uv": [0, 0, 16, 16], "texture": "#6"},
				"east": {"uv": [0, 0, 16, 16], "texture": "#6"},
				"south": {"uv": [0, 0, 16, 16], "texture": "#6"},
				"west": {"uv": [0, 0, 16, 16], "texture": "#6"},
				"up": {"uv": [0, 0, 16, 16], "texture": "#6"},
				"down": {"uv": [0, 0, 16, 16], "texture": "#6"}
			}
		}
	]
}