{
	"credit": "Made with Blockbench",
	"parent": "minecraft:block/cube_bottom_top",
	"textures": {
		"1": "blockbench/metal",
		"2": "blockbench/metal_trim_grey",
		"4": "blockbench/wall_black",
		"particle": "blockbench/fence_wire_whatever"
	},
	"elements": [
		{
			"from": [0, 0, 0],
			"to": [1, 16, 15],
			"faces": {
				"north": {"uv": [0, 0, 1, 16], "rotation": 180, "texture": "#1"},
				"east": {"uv": [0, 1, 16, 16], "rotation": 270, "texture": "#1"},
				"south": {"uv": [0, 0, 1, 16], "texture": "#1"},
				"west": {"uv": [0, 1, 16, 16], "rotation": 90, "texture": "#1"},
				"up": {"uv": [0, 0, 1, 15], "rotation": 180, "texture": "#1"},
				"down": {"uv": [0, 0, 1, 15], "texture": "#1"}
			}
		},
		{
			"from": [15, 0, 0],
			"to": [16, 16, 15],
			"faces": {
				"north": {"uv": [0, 0, 1, 16], "rotation": 180, "texture": "#1"},
				"east": {"uv": [0, 1, 16, 16], "rotation": 270, "texture": "#1"},
				"south": {"uv": [0, 0, 1, 16], "texture": "#1"},
				"west": {"uv": [0, 1, 16, 16], "rotation": 90, "texture": "#1"},
				"up": {"uv": [0, 0, 1, 15], "rotation": 180, "texture": "#1"},
				"down": {"uv": [0, 0, 1, 15], "texture": "#1"}
			}
		},
		{
			"from": [1, 0, 0],
			"to": [15, 1, 15],
			"faces": {
				"north": {"uv": [15, 0, 16, 16], "rotation": 180, "texture": "#1"},
				"east": {"uv": [15, 0, 16, 16], "rotation": 270, "texture": "#1"},
				"south": {"uv": [15, 0, 16, 16], "texture": "#1"},
				"west": {"uv": [15, 0, 16, 16], "rotation": 90, "texture": "#1"},
				"up": {"uv": [1, 0, 15, 15], "rotation": 180, "texture": "#1"},
				"down": {"uv": [1, 0, 15, 15], "texture": "#1"}
			}
		},
		{
			"from": [1, 1, 0],
			"to": [15, 16, 1],
			"faces": {
				"north": {"uv": [1, 0, 15, 15], "rotation": 180, "texture": "#1"},
				"east": {"uv": [0, 0, 15, 1], "rotation": 270, "texture": "#1"},
				"south": {"uv": [1, 0, 15, 15], "texture": "#1"},
				"west": {"uv": [0, 0, 15, 1], "rotation": 90, "texture": "#1"},
				"up": {"uv": [0, 0, 14, 1], "rotation": 180, "texture": "#1"},
				"down": {"uv": [0, 0, 14, 1], "texture": "#1"}
			}
		},
		{
			"from": [1, 1, 7.5],
			"to": [15, 15, 8.5],
			"faces": {
				"north": {"uv": [1, 0, 15, 14], "rotation": 180, "texture": "#4"},
				"east": {"uv": [0, 0, 15, 1], "rotation": 270, "texture": "#4"},
				"south": {"uv": [1, 0, 15, 14], "texture": "#4"},
				"west": {"uv": [0, 0, 15, 1], "rotation": 90, "texture": "#4"},
				"up": {"uv": [0, 0, 14, 1], "rotation": 180, "texture": "#4"},
				"down": {"uv": [0, 0, 14, 1], "texture": "#4"}
			}
		},
		{
			"from": [0, 0, 15],
			"to": [16, 16, 16],
			"faces": {
				"north": {"uv": [3, 2, 13, 12], "rotation": 180, "texture": "#1"},
				"east": {"uv": [0, 0, 16, 0.5], "rotation": 270, "texture": "#1"},
				"south": {"uv": [3, 2, 13, 12], "texture": "#1"},
				"west": {"uv": [0, 0, 16, 0.5], "rotation": 90, "texture": "#1"},
				"up": {"uv": [3, 2, 13, 2.5], "rotation": 180, "texture": "#1"},
				"down": {"uv": [0, 0, 16, 0.5], "texture": "#1"}
			}
		},
		{
			"from": [1, 15, 1],
			"to": [15, 15.2, 7.9],
			"faces": {
				"north": {"uv": [0, 0, 14, 0.2], "texture": "#2"},
				"east": {"uv": [0, 0, 0.2, 6.9], "rotation": 270, "texture": "#2"},
				"south": {"uv": [0, 0, 14, 0.2], "rotation": 180, "texture": "#2"},
				"west": {"uv": [0, 0, 0.2, 6.9], "rotation": 90, "texture": "#2"},
				"up": {"uv": [0, 0, 16, 16], "rotation": 180, "texture": "#2"},
				"down": {"uv": [0, 0, 14, 6.9], "texture": "#2"}
			}
		},
		{
			"from": [1, 15, 8],
			"to": [15, 15.2, 14.9],
			"faces": {
				"north": {"uv": [0, 0, 14, 0.2], "texture": "#2"},
				"east": {"uv": [0, 0, 0.2, 6.9], "rotation": 270, "texture": "#2"},
				"south": {"uv": [0, 0, 14, 0.2], "rotation": 180, "texture": "#2"},
				"west": {"uv": [0, 0, 0.2, 6.9], "rotation": 90, "texture": "#2"},
				"up": {"uv": [0, 0, 16, 16], "rotation": 180, "texture": "#2"},
				"down": {"uv": [0, 0, 14, 6.9], "texture": "#2"}
			}
		},
		{
			"from": [7, 15, 6],
			"to": [9, 16, 7],
			"faces": {
				"north": {"uv": [0, 0, 2, 1], "texture": "#4"},
				"east": {"uv": [0, 0, 1, 1], "texture": "#4"},
				"south": {"uv": [0, 0, 2, 1], "texture": "#4"},
				"west": {"uv": [0, 0, 1, 1], "texture": "#4"},
				"up": {"uv": [0, 0, 2, 1], "texture": "#4"},
				"down": {"uv": [0, 0, 2, 1], "texture": "#4"}
			}
		},
		{
			"from": [7, 15, 13],
			"to": [9, 16, 14],
			"faces": {
				"north": {"uv": [0, 0, 2, 1], "texture": "#4"},
				"east": {"uv": [0, 0, 1, 1], "texture": "#4"},
				"south": {"uv": [0, 0, 2, 1], "texture": "#4"},
				"west": {"uv": [0, 0, 1, 1], "texture": "#4"},
				"up": {"uv": [0, 0, 2, 1], "texture": "#4"},
				"down": {"uv": [0, 0, 2, 1], "texture": "#4"}
			}
		}
	]
}