{
	"credit": "Made with Blockbench",
	"textures": {
		"1": "nectaricon/whitewallpaper"
	},
	"elements": [
		{
			"from": [-16, -13, 14.5],
			"to": [32, 14, 16],
			"faces": {
				"north": {"uv": [0, 0, 16, 16], "texture": "#1"},
				"east": {"uv": [0, 0, 1, 16], "texture": "#1"},
				"south": {"uv": [0, 0, 0.93333, 16], "texture": "#1"},
				"west": {"uv": [0, 0, 1, 16], "texture": "#1"},
				"up": {"uv": [0, 0, 16, 1], "texture": "#1"},
				"down": {"uv": [0, 0, 16, 1], "texture": "#1"}
			}
		}
	]
}