{
	"credit": "Made with Blockbench",
	"texture_size": [64, 64],
	"textures": {
		"1": "blockbench/metal",
		"2": "blockbench/glass_tint_white",
		"particle": "blockbench/metal"
	},
	"elements": [
		{
			"from": [1, 8, 1],
			"to": [3, 11, 31],
			"rotation": {"angle": 0, "axis": "y", "origin": [1, 8, 1]},
			"faces": {
				"north": {"uv": [3.5, 3.5, 7, 4.25], "texture": "#2"},
				"east": {"uv": [0, 3.5, 3.5, 4.25], "texture": "#2"},
				"south": {"uv": [10.5, 3.5, 14, 4.25], "texture": "#2"},
				"west": {"uv": [7, 3.5, 10.5, 4.25], "texture": "#2"},
				"up": {"uv": [7, 3.5, 3.5, 0], "texture": "#2"},
				"down": {"uv": [10.5, 0, 7, 3.5], "texture": "#2"}
			}
		},
		{
			"from": [3, 11, 3],
			"to": [5, 12, 29],
			"rotation": {"angle": 0, "axis": "y", "origin": [1, 8, 1]},
			"faces": {
				"north": {"uv": [3.5, 3.5, 7, 4.25], "texture": "#2"},
				"east": {"uv": [0, 3.5, 3.5, 4.25], "texture": "#2"},
				"south": {"uv": [10.5, 3.5, 14, 4.25], "texture": "#2"},
				"west": {"uv": [7, 3.5, 10.5, 4.25], "texture": "#2"},
				"up": {"uv": [7, 3.5, 3.5, 0], "texture": "#2"},
				"down": {"uv": [10.5, 0, 7, 3.5], "texture": "#2"}
			}
		},
		{
			"from": [5, 12, 5],
			"to": [7, 13, 27],
			"rotation": {"angle": 0, "axis": "y", "origin": [1, 8, 1]},
			"faces": {
				"north": {"uv": [3.5, 3.5, 7, 4.25], "texture": "#2"},
				"east": {"uv": [0, 3.5, 3.5, 4.25], "texture": "#2"},
				"south": {"uv": [10.5, 3.5, 14, 4.25], "texture": "#2"},
				"west": {"uv": [7, 3.5, 10.5, 4.25], "texture": "#2"},
				"up": {"uv": [7, 3.5, 3.5, 0], "texture": "#2"},
				"down": {"uv": [10.5, 0, 7, 3.5], "texture": "#2"}
			}
		},
		{
			"from": [7, 13, 7],
			"to": [10, 14, 25],
			"rotation": {"angle": 0, "axis": "y", "origin": [1, 8, 1]},
			"faces": {
				"north": {"uv": [3.5, 3.5, 7, 4.25], "texture": "#2"},
				"east": {"uv": [0, 3.5, 3.5, 4.25], "texture": "#2"},
				"south": {"uv": [10.5, 3.5, 14, 4.25], "texture": "#2"},
				"west": {"uv": [7, 3.5, 10.5, 4.25], "texture": "#2"},
				"up": {"uv": [7, 3.5, 3.5, 0], "texture": "#2"},
				"down": {"uv": [10.5, 0, 7, 3.5], "texture": "#2"}
			}
		},
		{
			"from": [22, 13, 7],
			"to": [25, 14, 25],
			"rotation": {"angle": 0, "axis": "y", "origin": [1, 8, 1]},
			"faces": {
				"north": {"uv": [3.5, 3.5, 7, 4.25], "texture": "#2"},
				"east": {"uv": [0, 3.5, 3.5, 4.25], "texture": "#2"},
				"south": {"uv": [10.5, 3.5, 14, 4.25], "texture": "#2"},
				"west": {"uv": [7, 3.5, 10.5, 4.25], "texture": "#2"},
				"up": {"uv": [7, 3.5, 3.5, 0], "texture": "#2"},
				"down": {"uv": [10.5, 0, 7, 3.5], "texture": "#2"}
			}
		},
		{
			"from": [10, 13, 7],
			"to": [22, 14, 10],
			"rotation": {"angle": 0, "axis": "y", "origin": [1, 8, 1]},
			"faces": {
				"north": {"uv": [3.5, 3.5, 7, 4.25], "texture": "#2"},
				"east": {"uv": [0, 3.5, 3.5, 4.25], "texture": "#2"},
				"south": {"uv": [10.5, 3.5, 14, 4.25], "texture": "#2"},
				"west": {"uv": [7, 3.5, 10.5, 4.25], "texture": "#2"},
				"up": {"uv": [7, 3.5, 3.5, 0], "texture": "#2"},
				"down": {"uv": [10.5, 0, 7, 3.5], "texture": "#2"}
			}
		},
		{
			"from": [10, 14, 10],
			"to": [22, 15, 22],
			"rotation": {"angle": 0, "axis": "y", "origin": [1, 8, 1]},
			"faces": {
				"north": {"uv": [3.5, 3.5, 7, 4.25], "texture": "#2"},
				"east": {"uv": [0, 3.5, 3.5, 4.25], "texture": "#2"},
				"south": {"uv": [10.5, 3.5, 14, 4.25], "texture": "#2"},
				"west": {"uv": [7, 3.5, 10.5, 4.25], "texture": "#2"},
				"up": {"uv": [7, 3.5, 3.5, 0], "texture": "#2"},
				"down": {"uv": [10.5, 0, 7, 3.5], "texture": "#2"}
			}
		},
		{
			"from": [10, 13, 22],
			"to": [22, 14, 25],
			"rotation": {"angle": 0, "axis": "y", "origin": [1, 8, 1]},
			"faces": {
				"north": {"uv": [3.5, 3.5, 7, 4.25], "texture": "#2"},
				"east": {"uv": [0, 3.5, 3.5, 4.25], "texture": "#2"},
				"south": {"uv": [10.5, 3.5, 14, 4.25], "texture": "#2"},
				"west": {"uv": [7, 3.5, 10.5, 4.25], "texture": "#2"},
				"up": {"uv": [7, 3.5, 3.5, 0], "texture": "#2"},
				"down": {"uv": [10.5, 0, 7, 3.5], "texture": "#2"}
			}
		},
		{
			"from": [25, 12, 5],
			"to": [27, 13, 27],
			"rotation": {"angle": 0, "axis": "y", "origin": [1, 8, 1]},
			"faces": {
				"north": {"uv": [3.5, 3.5, 7, 4.25], "texture": "#2"},
				"east": {"uv": [0, 3.5, 3.5, 4.25], "texture": "#2"},
				"south": {"uv": [10.5, 3.5, 14, 4.25], "texture": "#2"},
				"west": {"uv": [7, 3.5, 10.5, 4.25], "texture": "#2"},
				"up": {"uv": [7, 3.5, 3.5, 0], "texture": "#2"},
				"down": {"uv": [10.5, 0, 7, 3.5], "texture": "#2"}
			}
		},
		{
			"from": [7, 12, 5],
			"to": [25, 13, 7],
			"rotation": {"angle": 0, "axis": "y", "origin": [1, 8, 1]},
			"faces": {
				"north": {"uv": [3.5, 3.5, 7, 4.25], "texture": "#2"},
				"east": {"uv": [0, 3.5, 3.5, 4.25], "texture": "#2"},
				"south": {"uv": [10.5, 3.5, 14, 4.25], "texture": "#2"},
				"west": {"uv": [7, 3.5, 10.5, 4.25], "texture": "#2"},
				"up": {"uv": [7, 3.5, 3.5, 0], "texture": "#2"},
				"down": {"uv": [10.5, 0, 7, 3.5], "texture": "#2"}
			}
		},
		{
			"from": [7, 12, 25],
			"to": [25, 13, 27],
			"rotation": {"angle": 0, "axis": "y", "origin": [1, 8, 1]},
			"faces": {
				"north": {"uv": [3.5, 3.5, 7, 4.25], "texture": "#2"},
				"east": {"uv": [0, 3.5, 3.5, 4.25], "texture": "#2"},
				"south": {"uv": [10.5, 3.5, 14, 4.25], "texture": "#2"},
				"west": {"uv": [7, 3.5, 10.5, 4.25], "texture": "#2"},
				"up": {"uv": [7, 3.5, 3.5, 0], "texture": "#2"},
				"down": {"uv": [10.5, 0, 7, 3.5], "texture": "#2"}
			}
		},
		{
			"from": [5, 11, 3],
			"to": [27, 12, 5],
			"rotation": {"angle": 0, "axis": "y", "origin": [1, 8, 1]},
			"faces": {
				"north": {"uv": [3.5, 3.5, 7, 4.25], "texture": "#2"},
				"east": {"uv": [0, 3.5, 3.5, 4.25], "texture": "#2"},
				"south": {"uv": [10.5, 3.5, 14, 4.25], "texture": "#2"},
				"west": {"uv": [7, 3.5, 10.5, 4.25], "texture": "#2"},
				"up": {"uv": [7, 3.5, 3.5, 0], "texture": "#2"},
				"down": {"uv": [10.5, 0, 7, 3.5], "texture": "#2"}
			}
		},
		{
			"from": [5, 11, 27],
			"to": [27, 12, 29],
			"rotation": {"angle": 0, "axis": "y", "origin": [1, 8, 1]},
			"faces": {
				"north": {"uv": [3.5, 3.5, 7, 4.25], "texture": "#2"},
				"east": {"uv": [0, 3.5, 3.5, 4.25], "texture": "#2"},
				"south": {"uv": [10.5, 3.5, 14, 4.25], "texture": "#2"},
				"west": {"uv": [7, 3.5, 10.5, 4.25], "texture": "#2"},
				"up": {"uv": [7, 3.5, 3.5, 0], "texture": "#2"},
				"down": {"uv": [10.5, 0, 7, 3.5], "texture": "#2"}
			}
		},
		{
			"from": [27, 11, 3],
			"to": [29, 12, 29],
			"rotation": {"angle": 0, "axis": "y", "origin": [1, 8, 1]},
			"faces": {
				"north": {"uv": [3.5, 3.5, 7, 4.25], "texture": "#2"},
				"east": {"uv": [0, 3.5, 3.5, 4.25], "texture": "#2"},
				"south": {"uv": [10.5, 3.5, 14, 4.25], "texture": "#2"},
				"west": {"uv": [7, 3.5, 10.5, 4.25], "texture": "#2"},
				"up": {"uv": [7, 3.5, 3.5, 0], "texture": "#2"},
				"down": {"uv": [10.5, 0, 7, 3.5], "texture": "#2"}
			}
		},
		{
			"from": [29, 8, 1],
			"to": [31, 11, 31],
			"rotation": {"angle": 0, "axis": "y", "origin": [1, 8, 1]},
			"faces": {
				"north": {"uv": [3.5, 3.5, 7, 4.25], "texture": "#2"},
				"east": {"uv": [0, 3.5, 3.5, 4.25], "texture": "#2"},
				"south": {"uv": [10.5, 3.5, 14, 4.25], "texture": "#2"},
				"west": {"uv": [7, 3.5, 10.5, 4.25], "texture": "#2"},
				"up": {"uv": [7, 3.5, 3.5, 0], "texture": "#2"},
				"down": {"uv": [10.5, 0, 7, 3.5], "texture": "#2"}
			}
		},
		{
			"from": [3, 8, 1],
			"to": [29, 11, 3],
			"rotation": {"angle": 0, "axis": "y", "origin": [1, 8, 1]},
			"faces": {
				"north": {"uv": [3.5, 3.5, 7, 4.25], "texture": "#2"},
				"east": {"uv": [0, 3.5, 3.5, 4.25], "texture": "#2"},
				"south": {"uv": [10.5, 3.5, 14, 4.25], "texture": "#2"},
				"west": {"uv": [7, 3.5, 10.5, 4.25], "texture": "#2"},
				"up": {"uv": [7, 3.5, 3.5, 0], "texture": "#2"},
				"down": {"uv": [10.5, 0, 7, 3.5], "texture": "#2"}
			}
		},
		{
			"from": [3, 8, 29],
			"to": [29, 11, 31],
			"rotation": {"angle": 0, "axis": "y", "origin": [1, 8, 1]},
			"faces": {
				"north": {"uv": [3.5, 3.5, 7, 4.25], "texture": "#2"},
				"east": {"uv": [0, 3.5, 3.5, 4.25], "texture": "#2"},
				"south": {"uv": [10.5, 3.5, 14, 4.25], "texture": "#2"},
				"west": {"uv": [7, 3.5, 10.5, 4.25], "texture": "#2"},
				"up": {"uv": [7, 3.5, 3.5, 0], "texture": "#2"},
				"down": {"uv": [10.5, 0, 7, 3.5], "texture": "#2"}
			}
		},
		{
			"from": [0, -1, 0],
			"to": [1, 13, 32],
			"rotation": {"angle": 0, "axis": "y", "origin": [0, -1, 0]},
			"faces": {
				"north": {"uv": [4, 4, 4.25, 7.5], "texture": "#1"},
				"east": {"uv": [0, 4, 4, 7.5], "texture": "#1"},
				"south": {"uv": [8.25, 4, 8.5, 7.5], "texture": "#1"},
				"west": {"uv": [4.25, 4, 8.25, 7.5], "texture": "#1"},
				"up": {"uv": [4.25, 4, 4, 0], "texture": "#1"},
				"down": {"uv": [4.5, 0, 4.25, 4], "texture": "#1"}
			}
		},
		{
			"from": [31, -1, 0],
			"to": [32, 13, 32],
			"rotation": {"angle": 0, "axis": "y", "origin": [15, -1, 0]},
			"faces": {
				"north": {"uv": [4, 4, 4.25, 7.5], "texture": "#1"},
				"east": {"uv": [0, 4, 4, 7.5], "texture": "#1"},
				"south": {"uv": [8.25, 4, 8.5, 7.5], "texture": "#1"},
				"west": {"uv": [4.25, 4, 8.25, 7.5], "texture": "#1"},
				"up": {"uv": [4.25, 4, 4, 0], "texture": "#1"},
				"down": {"uv": [4.5, 0, 4.25, 4], "texture": "#1"}
			}
		},
		{
			"from": [1, -1, 0],
			"to": [31, 13, 1],
			"rotation": {"angle": 0, "axis": "y", "origin": [1, -1, 0]},
			"faces": {
				"north": {"uv": [0.25, 0.25, 3.75, 3.75], "texture": "#1"},
				"east": {"uv": [0, 0.25, 0.25, 3.75], "texture": "#1"},
				"south": {"uv": [4, 0.25, 7.5, 3.75], "texture": "#1"},
				"west": {"uv": [3.75, 0.25, 4, 3.75], "texture": "#1"},
				"up": {"uv": [3.75, 0.25, 0.25, 0], "texture": "#1"},
				"down": {"uv": [7.25, 0, 3.75, 0.25], "texture": "#1"}
			}
		},
		{
			"from": [1, -1, 31],
			"to": [31, 13, 32],
			"rotation": {"angle": 0, "axis": "y", "origin": [1, -1, 15]},
			"faces": {
				"north": {"uv": [0.25, 0.25, 3.75, 3.75], "texture": "#1"},
				"east": {"uv": [0, 0.25, 0.25, 3.75], "texture": "#1"},
				"south": {"uv": [4, 0.25, 7.5, 3.75], "texture": "#1"},
				"west": {"uv": [3.75, 0.25, 4, 3.75], "texture": "#1"},
				"up": {"uv": [3.75, 0.25, 0.25, 0], "texture": "#1"},
				"down": {"uv": [7.25, 0, 3.75, 0.25], "texture": "#1"}
			}
		}
	]
}