{
	"credit": "Made with Blockbench",
	"textures": {
		"1": "blockbench/metal",
		"2": "blockbench/wall_black",
		"3": "blockbench/wall_light_blue",
		"4": "blockbench/fence_wire_whatever",
		"particle": "blockbench/wall_black"
	},
	"elements": [
		{
			"from": [1, 2, 2],
			"to": [15, 2, 6],
			"rotation": {"angle": -45, "axis": "x", "origin": [0, 0, 0]},
			"faces": {
				"north": {"uv": [0, 0, 14, 0], "texture": "#4"},
				"east": {"uv": [0, 0, 4, 0], "texture": "#4"},
				"south": {"uv": [0, 0, 14, 0], "texture": "#4"},
				"west": {"uv": [0, 0, 4, 0], "texture": "#4"},
				"up": {"uv": [0, 0, 14, 4], "texture": "#4"},
				"down": {"uv": [0, 0, 14, 4], "texture": "#4"}
			}
		},
		{
			"from": [1, 4, 4],
			"to": [15, 4, 8],
			"rotation": {"angle": -45, "axis": "x", "origin": [0, 0, 0]},
			"faces": {
				"north": {"uv": [0, 0, 14, 0], "texture": "#4"},
				"east": {"uv": [0, 0, 4, 0], "texture": "#4"},
				"south": {"uv": [0, 0, 14, 0], "texture": "#4"},
				"west": {"uv": [0, 0, 4, 0], "texture": "#4"},
				"up": {"uv": [0, 0, 14, 4], "texture": "#4"},
				"down": {"uv": [0, 0, 14, 4], "texture": "#4"}
			}
		},
		{
			"from": [1, 6, 6],
			"to": [15, 6, 10],
			"rotation": {"angle": -45, "axis": "x", "origin": [0, 0, 0]},
			"faces": {
				"north": {"uv": [0, 0, 14, 0], "texture": "#4"},
				"east": {"uv": [0, 0, 4, 0], "texture": "#4"},
				"south": {"uv": [0, 0, 14, 0], "texture": "#4"},
				"west": {"uv": [0, 0, 4, 0], "texture": "#4"},
				"up": {"uv": [0, 0, 14, 4], "texture": "#4"},
				"down": {"uv": [0, 0, 14, 4], "texture": "#4"}
			}
		},
		{
			"from": [1, 8, 8],
			"to": [15, 8, 12],
			"rotation": {"angle": -45, "axis": "x", "origin": [0, 0, 0]},
			"faces": {
				"north": {"uv": [0, 0, 14, 0], "texture": "#4"},
				"east": {"uv": [0, 0, 4, 0], "texture": "#4"},
				"south": {"uv": [0, 0, 14, 0], "texture": "#4"},
				"west": {"uv": [0, 0, 4, 0], "texture": "#4"},
				"up": {"uv": [0, 0, 14, 4], "texture": "#4"},
				"down": {"uv": [0, 0, 14, 4], "texture": "#4"}
			}
		},
		{
			"from": [3, 2, 3],
			"to": [3.5, 15, 3.5],
			"faces": {
				"north": {"uv": [0, 0, 0.5, 13], "texture": "#2"},
				"east": {"uv": [0, 0, 0.5, 13], "texture": "#2"},
				"south": {"uv": [0, 0, 0.5, 13], "texture": "#2"},
				"west": {"uv": [0, 0, 0.5, 13], "texture": "#2"},
				"up": {"uv": [0, 0, 0.5, 0.5], "texture": "#2"},
				"down": {"uv": [0, 0, 0.5, 0.5], "texture": "#2"}
			}
		},
		{
			"from": [3, 2, 0.5],
			"to": [3.5, 3, 3],
			"faces": {
				"north": {"uv": [0, 0, 0.5, 1], "texture": "#2"},
				"east": {"uv": [0, 0, 2.5, 1], "texture": "#2"},
				"south": {"uv": [0, 0, 0.5, 1], "texture": "#2"},
				"west": {"uv": [0, 0, 2.5, 1], "texture": "#2"},
				"up": {"uv": [0, 0, 0.5, 2.5], "texture": "#2"},
				"down": {"uv": [0, 0, 0.5, 2.5], "texture": "#2"}
			}
		},
		{
			"from": [1, 15, 0],
			"to": [15, 16, 8],
			"faces": {
				"north": {"uv": [0, 0, 16, 1], "texture": "#1"},
				"east": {"uv": [0, 0, 1, 1], "texture": "#1"},
				"south": {"uv": [0, 0, 16, 1], "texture": "#1"},
				"west": {"uv": [0, 0, 1, 1], "texture": "#1"},
				"up": {"uv": [0, 0, 16, 1], "texture": "#1"},
				"down": {"uv": [0, 0, 16, 1], "texture": "#1"}
			}
		},
		{
			"from": [0, 0, 0],
			"to": [1, 16, 8],
			"faces": {
				"north": {"uv": [0, 0, 1, 16], "texture": "#1"},
				"east": {"uv": [0, 0, 1, 16], "texture": "#1"},
				"south": {"uv": [0, 0, 1, 16], "texture": "#1"},
				"west": {"uv": [0, 0, 1, 16], "texture": "#1"},
				"up": {"uv": [0, 0, 1, 1], "texture": "#1"},
				"down": {"uv": [0, 0, 1, 1], "texture": "#1"}
			}
		},
		{
			"from": [15, 0, 0],
			"to": [16, 16, 8],
			"faces": {
				"north": {"uv": [0, 0, 1, 16], "texture": "#1"},
				"east": {"uv": [0, 0, 1, 16], "texture": "#1"},
				"south": {"uv": [0, 0, 1, 16], "texture": "#1"},
				"west": {"uv": [0, 0, 1, 16], "texture": "#1"},
				"up": {"uv": [0, 0, 1, 1], "texture": "#1"},
				"down": {"uv": [0, 0, 1, 1], "texture": "#1"}
			}
		},
		{
			"from": [1, 0, 0],
			"to": [15, 1, 8],
			"faces": {
				"north": {"uv": [0, 0, 16, 1], "texture": "#1"},
				"east": {"uv": [0, 0, 1, 1], "texture": "#1"},
				"south": {"uv": [0, 0, 16, 1], "texture": "#1"},
				"west": {"uv": [0, 0, 1, 1], "texture": "#1"},
				"up": {"uv": [0, 0, 16, 1], "texture": "#1"},
				"down": {"uv": [0, 0, 16, 1], "texture": "#1"}
			}
		},
		{
			"from": [0, 0, -1],
			"to": [1, 16, 0],
			"faces": {
				"north": {"uv": [0, 0, 1, 16], "texture": "#3"},
				"east": {"uv": [0, 0, 1, 16], "texture": "#3"},
				"south": {"uv": [0, 0, 1, 16], "texture": "#3"},
				"west": {"uv": [0, 0, 1, 16], "texture": "#3"},
				"up": {"uv": [0, 0, 1, 1], "texture": "#3"},
				"down": {"uv": [0, 0, 1, 1], "texture": "#3"}
			}
		},
		{
			"from": [15, 0, -1],
			"to": [16, 16, 0],
			"faces": {
				"north": {"uv": [0, 0, 1, 16], "texture": "#3"},
				"east": {"uv": [0, 0, 1, 16], "texture": "#3"},
				"south": {"uv": [0, 0, 1, 16], "texture": "#3"},
				"west": {"uv": [0, 0, 1, 16], "texture": "#3"},
				"up": {"uv": [0, 0, 1, 1], "texture": "#3"},
				"down": {"uv": [0, 0, 1, 1], "texture": "#3"}
			}
		},
		{
			"from": [1, 15, -1],
			"to": [15, 16, 0],
			"faces": {
				"north": {"uv": [0, 0, 14, 1], "texture": "#3"},
				"east": {"uv": [0, 0, 1, 1], "texture": "#3"},
				"south": {"uv": [0, 0, 14, 1], "texture": "#3"},
				"west": {"uv": [0, 0, 1, 1], "texture": "#3"},
				"up": {"uv": [0, 0, 14, 1], "texture": "#3"},
				"down": {"uv": [0, 0, 14, 1], "texture": "#3"}
			}
		},
		{
			"from": [0, 15, -3],
			"to": [16, 16, -1],
			"faces": {
				"north": {"uv": [0, 0, 16, 1], "texture": "#3"},
				"east": {"uv": [0, 0, 2, 1], "texture": "#3"},
				"south": {"uv": [0, 0, 16, 1], "texture": "#3"},
				"west": {"uv": [0, 0, 2, 1], "texture": "#3"},
				"up": {"uv": [0, 0, 16, 2], "texture": "#3"},
				"down": {"uv": [0, 0, 16, 2], "texture": "#3"}
			}
		},
		{
			"from": [1, 0, -1],
			"to": [15, 1, 0],
			"faces": {
				"north": {"uv": [0, 0, 14, 1], "texture": "#3"},
				"east": {"uv": [0, 0, 1, 1], "texture": "#3"},
				"south": {"uv": [0, 0, 14, 1], "texture": "#3"},
				"west": {"uv": [0, 0, 1, 1], "texture": "#3"},
				"up": {"uv": [0, 0, 14, 1], "texture": "#3"},
				"down": {"uv": [0, 0, 14, 1], "texture": "#3"}
			}
		}
	],
	"groups": [
		{
			"name": "VENTPARTS",
			"origin": [8, 8, 8],
			"color": 0,
			"children": [0, 1, 2, 3, 4, 5]
		},
		{
			"name": "FRAME",
			"origin": [0, 0, 0],
			"color": 0,
			"children": [6, 7, 8, 9, 10, 11, 12, 13, 14]
		}
	]
}