{
	"credit": "Made with Blockbench",
	"parent": "block/block",
	"ambientocclusion": false,
	"textures": {
		"1": "blockbench/ceiling_tile_new",
		"2": "blockbench/light",
		"7": "blockbench/texture_6",
		"particle": "blockbench/ceiling_tile_new"
	},
	"elements": [
		{
			"from": [15, -0.1, 0],
			"to": [16, 0, 16],
			"rotation": {"angle": 0, "axis": "x", "origin": [0, 0, 16]},
			"faces": {
				"north": {"uv": [0, 0, 1, 0.1], "texture": "#7"},
				"east": {"uv": [0, 0, 0.1, 16], "rotation": 90, "texture": "#7"},
				"south": {"uv": [0, 0, 1, 0.1], "rotation": 180, "texture": "#7"},
				"west": {"uv": [0, 0, 0.1, 16], "rotation": 270, "texture": "#7"},
				"up": {"uv": [0, 0, 1, 16], "texture": "#7"},
				"down": {"uv": [0, 0, 1, 16], "rotation": 180, "texture": "#7"}
			}
		},
		{
			"from": [1, -0.1, 15],
			"to": [15, 0, 16],
			"rotation": {"angle": 0, "axis": "x", "origin": [0, 0, 16]},
			"faces": {
				"north": {"uv": [0, 0, 14, 0.1], "texture": "#7"},
				"east": {"uv": [0, 0, 0.1, 1], "rotation": 90, "texture": "#7"},
				"south": {"uv": [0, 0, 14, 0.1], "rotation": 180, "texture": "#7"},
				"west": {"uv": [0, 0, 0.1, 1], "rotation": 270, "texture": "#7"},
				"up": {"uv": [0, 0, 14, 1], "texture": "#7"},
				"down": {"uv": [0, 0, 14, 1], "rotation": 180, "texture": "#7"}
			}
		},
		{
			"from": [1, -0.1, 0],
			"to": [15, 0, 1],
			"rotation": {"angle": 0, "axis": "x", "origin": [0, 0, 16]},
			"faces": {
				"north": {"uv": [0, 0, 14, 0.1], "texture": "#7"},
				"east": {"uv": [0, 0, 0.1, 1], "rotation": 90, "texture": "#7"},
				"south": {"uv": [0, 0, 14, 0.1], "rotation": 180, "texture": "#7"},
				"west": {"uv": [0, 0, 0.1, 1], "rotation": 270, "texture": "#7"},
				"up": {"uv": [0, 0, 14, 1], "texture": "#7"},
				"down": {"uv": [0, 0, 14, 1], "rotation": 180, "texture": "#7"}
			}
		},
		{
			"from": [0, -0.1, 0],
			"to": [1, 0, 16],
			"rotation": {"angle": 0, "axis": "x", "origin": [0, 0, 16]},
			"faces": {
				"north": {"uv": [0, 0, 1, 0.1], "texture": "#7"},
				"east": {"uv": [0, 0, 0.1, 16], "rotation": 90, "texture": "#7"},
				"south": {"uv": [0, 0, 1, 0.1], "rotation": 180, "texture": "#7"},
				"west": {"uv": [0, 0, 0.1, 16], "rotation": 270, "texture": "#7"},
				"up": {"uv": [0, 0, 1, 16], "texture": "#7"},
				"down": {"uv": [0, 0, 1, 16], "rotation": 180, "texture": "#7"}
			}
		},
		{
			"from": [0, 0, 0],
			"to": [16, 16, 16],
			"rotation": {"angle": 0, "axis": "x", "origin": [0, 0, 16]},
			"faces": {
				"north": {"uv": [0, 0, 16, 16], "rotation": 180, "texture": "#1"},
				"east": {"uv": [0, 0, 16, 16], "rotation": 90, "texture": "#1"},
				"south": {"uv": [0, 0, 16, 16], "texture": "#1"},
				"west": {"uv": [0, 0, 16, 16], "rotation": 270, "texture": "#1"},
				"up": {"uv": [0, 0, 16, 16], "texture": "#1"},
				"down": {"uv": [0, 0, 16, 16], "rotation": 180, "texture": "#2"}
			}
		}
	],
	"display": {
		"thirdperson_righthand": {
			"scale": [0.375, 0.375, 0.375]
		},
		"head": {
			"rotation": [-60, 0, 0],
			"translation": [0, 5, -9]
		}
	}
}