{
	"credit": "Made with Blockbench",
	"textures": {
		"6": "blockbench/metal_grill",
		"7": "blockbench/beam_maroon",
		"8": "blockbench/metal",
		"9": "blockbench/wall_green",
		"10": "blockbench/light_off",
		"11": "blockbench/wall_white",
		"12": "blockbench/color_black"
	},
	"elements": [
		{
			"from": [1, 1, 0],
			"to": [4, 4, 11],
			"faces": {
				"north": {"uv": [0, 0, 3, 3], "texture": "#11"},
				"east": {"uv": [0, 0, 11, 3], "texture": "#11"},
				"south": {"uv": [0, 0, 16, 16], "texture": "#10"},
				"west": {"uv": [0, 0, 11, 3], "texture": "#11"},
				"up": {"uv": [0, 0, 3, 11], "texture": "#11"},
				"down": {"uv": [0, 0, 3, 11], "texture": "#11"}
			}
		},
		{
			"from": [7, 2, 9],
			"to": [8, 3, 10],
			"faces": {
				"north": {"uv": [0, 0, 1, 1], "texture": "#9"},
				"east": {"uv": [0, 0, 1, 1], "texture": "#9"},
				"south": {"uv": [0, 0, 1, 1], "texture": "#9"},
				"west": {"uv": [0, 0, 1, 1], "texture": "#9"},
				"up": {"uv": [0, 0, 1, 1], "texture": "#9"},
				"down": {"uv": [0, 0, 1, 1], "texture": "#9"}
			}
		},
		{
			"from": [7, 0, 2],
			"to": [15, 1, 11],
			"faces": {
				"north": {"uv": [0, 0, 8, 1], "texture": "#12"},
				"east": {"uv": [0, 0, 9, 1], "texture": "#12"},
				"south": {"uv": [0, 0, 8, 1], "texture": "#12"},
				"west": {"uv": [0, 0, 9, 1], "texture": "#12"},
				"up": {"uv": [0, 0, 8, 9], "texture": "#12"},
				"down": {"uv": [0, 0, 8, 9], "texture": "#12"}
			}
		},
		{
			"from": [7, 0, 0],
			"to": [15, 10, 2],
			"faces": {
				"north": {"uv": [0, 0, 8, 10], "texture": "#12"},
				"east": {"uv": [0, 0, 2, 10], "texture": "#12"},
				"south": {"uv": [0, 0, 8, 10], "texture": "#6"},
				"west": {"uv": [0, 0, 2, 10], "texture": "#12"},
				"up": {"uv": [0, 0, 8, 2], "texture": "#12"},
				"down": {"uv": [0, 0, 8, 2], "texture": "#12"}
			}
		},
		{
			"from": [7, 0, 11],
			"to": [15, 10, 12],
			"faces": {
				"north": {"uv": [0, 0, 8, 10], "texture": "#12"},
				"east": {"uv": [0, 0, 1, 10], "texture": "#12"},
				"south": {"uv": [0, 0, 8, 10], "texture": "#12"},
				"west": {"uv": [0, 0, 1, 10], "texture": "#12"},
				"up": {"uv": [0, 0, 8, 1], "texture": "#12"},
				"down": {"uv": [0, 0, 8, 1], "texture": "#12"}
			}
		},
		{
			"from": [7.5, 1, 8],
			"to": [14.5, 10, 11],
			"faces": {
				"north": {"uv": [0, 0, 7, 9], "texture": "#12"},
				"east": {"uv": [0, 0, 3, 9], "texture": "#12"},
				"south": {"uv": [0, 0, 7, 9], "texture": "#12"},
				"west": {"uv": [0, 0, 3, 9], "texture": "#12"},
				"up": {"uv": [0, 0, 7, 3], "texture": "#12"},
				"down": {"uv": [0, 0, 7, 3], "texture": "#12"}
			}
		},
		{
			"from": [6, 5, 4],
			"to": [7, 6, 6],
			"faces": {
				"north": {"uv": [0, 0, 1, 1], "texture": "#8"},
				"east": {"uv": [0, 0, 2, 1], "texture": "#8"},
				"south": {"uv": [0, 0, 1, 1], "texture": "#8"},
				"west": {"uv": [0, 0, 2, 1], "texture": "#8"},
				"up": {"uv": [0, 0, 1, 2], "texture": "#8"},
				"down": {"uv": [0, 0, 1, 2], "texture": "#8"}
			}
		},
		{
			"from": [6, 5, 6],
			"to": [8, 6, 7],
			"faces": {
				"north": {"uv": [0, 0, 2, 1], "texture": "#8"},
				"east": {"uv": [0, 0, 1, 1], "texture": "#8"},
				"south": {"uv": [0, 0, 2, 1], "texture": "#8"},
				"west": {"uv": [0, 0, 1, 1], "texture": "#8"},
				"up": {"uv": [0, 0, 2, 1], "texture": "#8"},
				"down": {"uv": [0, 0, 2, 1], "texture": "#8"}
			}
		},
		{
			"from": [6, 5, 3],
			"to": [8, 6, 4],
			"faces": {
				"north": {"uv": [0, 0, 2, 1], "texture": "#8"},
				"east": {"uv": [0, 0, 1, 1], "texture": "#8"},
				"south": {"uv": [0, 0, 2, 1], "texture": "#8"},
				"west": {"uv": [0, 0, 1, 1], "texture": "#8"},
				"up": {"uv": [0, 0, 2, 1], "texture": "#8"},
				"down": {"uv": [0, 0, 2, 1], "texture": "#8"}
			}
		},
		{
			"from": [8, 2, 6],
			"to": [14, 8, 7],
			"faces": {
				"north": {"uv": [0, 0, 6, 6], "texture": "#8"},
				"east": {"uv": [0, 0, 1, 6], "texture": "#8"},
				"south": {"uv": [0, 0, 6, 6], "texture": "#8"},
				"west": {"uv": [0, 0, 1, 6], "texture": "#8"},
				"up": {"uv": [0, 0, 6, 1], "texture": "#8"},
				"down": {"uv": [0, 0, 6, 1], "texture": "#8"}
			}
		},
		{
			"from": [8, 2, 2],
			"to": [14, 8, 6],
			"faces": {
				"north": {"uv": [0, 0, 6, 6], "texture": "#7"},
				"east": {"uv": [0, 0, 4, 6], "texture": "#7"},
				"south": {"uv": [0, 0, 6, 6], "texture": "#7"},
				"west": {"uv": [0, 0, 4, 6], "texture": "#7"},
				"up": {"uv": [0, 0, 6, 4], "texture": "#7"},
				"down": {"uv": [0, 0, 6, 4], "texture": "#7"}
			}
		}
	],
	"groups": [
		{
			"name": "STACKED_CUPS",
			"origin": [0, 0, 0],
			"color": 0,
			"children": [0]
		},
		{
			"name": "COFFEE_MAKER",
			"origin": [8, 8, 8],
			"color": 0,
			"children": [
				{
					"name": "MACHINE",
					"origin": [0, 0, 0],
					"color": 0,
					"children": [1, 2, 3, 4, 5]
				},
				{
					"name": "COFFEE_GLASS",
					"origin": [0, 0, 0],
					"color": 0,
					"children": [6, 7, 8, 9, 10]
				}
			]
		}
	]
}