{
	"credit": "Made with Blockbench",
	"textures": {
		"1": "blockbench/beam_maroon"
	},
	"elements": [
		{
			"from": [0, 0, 0],
			"to": [16, 16, 16],
			"faces": {
				"north": {"uv": [0, 0, 16, 16], "texture": "#1"},
				"east": {"uv": [0, 0, 16, 16], "texture": "#1"},
				"south": {"uv": [0, 0, 16, 16], "texture": "#1"},
				"west": {"uv": [0, 0, 16, 16], "texture": "#1"},
				"up": {"uv": [16, 16, 0, 0], "texture": "#1"},
				"down": {"uv": [16, 0, 0, 16], "texture": "#1"}
			}
		}
	],
	"groups": [
		{
			"name": "cyan_glazed_terracotta",
			"origin": [8, 8, 8],
			"color": 0,
			"children": [0]
		}
	]
}