{
	"credit": "Made with Blockbench",
	"textures": {
		"1": "blockbench/metal_grill",
		"2": "blockbench/red_color",
		"particle": "blockbench/red_color"
	},
	"elements": [
		{
			"from": [3, 0, 3],
			"to": [13, 3, 13],
			"faces": {
				"north": {"uv": [0, 0, 10, 3], "texture": "#2"},
				"east": {"uv": [0, 0, 3, 10], "rotation": 270, "texture": "#2"},
				"south": {"uv": [0, 0, 10, 3], "rotation": 180, "texture": "#2"},
				"west": {"uv": [0, 0, 3, 10], "rotation": 90, "texture": "#2"},
				"up": {"uv": [0, 0, 10, 10], "rotation": 180, "texture": "#2"},
				"down": {"uv": [0, 0, 10, 10], "texture": "#2"}
			}
		},
		{
			"from": [4, 3, 4],
			"to": [12, 3.5, 12],
			"faces": {
				"north": {"uv": [0, 0, 8, 0.5], "texture": "#2"},
				"east": {"uv": [0, 0, 0.5, 8], "rotation": 270, "texture": "#2"},
				"south": {"uv": [0, 0, 8, 0.5], "rotation": 180, "texture": "#2"},
				"west": {"uv": [0, 0, 0.5, 8], "rotation": 90, "texture": "#2"},
				"up": {"uv": [0, 0, 8, 8], "rotation": 180, "texture": "#1"},
				"down": {"uv": [0, 0, 8, 8], "texture": "#2"}
			}
		}
	]
}