{
	"credit": "Made with Blockbench",
	"textures": {
		"0": "blockbench/metal",
		"1": "blockbench/metal_grill",
		"particle": "blockbench/metal"
	},
	"elements": [
		{
			"from": [1, -7, 1],
			"to": [15, 2, 15],
			"rotation": {"angle": -22.5, "axis": "x", "origin": [0, 0, 0]},
			"faces": {
				"north": {"uv": [0, 0, 14, 9], "texture": "#0"},
				"east": {"uv": [0, 0, 9, 14], "rotation": 270, "texture": "#0"},
				"south": {"uv": [0, 0, 14, 9], "rotation": 180, "texture": "#0"},
				"west": {"uv": [0, 0, 9, 14], "rotation": 90, "texture": "#0"},
				"up": {"uv": [0, 0, 14, 14], "rotation": 180, "texture": "#0"},
				"down": {"uv": [0, 0, 14, 14], "texture": "#0"}
			}
		},
		{
			"from": [2, 2, 2],
			"to": [14, 2.5, 14],
			"rotation": {"angle": -22.5, "axis": "x", "origin": [0, 0, 0]},
			"faces": {
				"north": {"uv": [0, 0, 12, 0.5], "texture": "#0"},
				"east": {"uv": [0, 0, 0.5, 12], "rotation": 270, "texture": "#0"},
				"south": {"uv": [0, 0, 12, 0.5], "rotation": 180, "texture": "#0"},
				"west": {"uv": [0, 0, 0.5, 12], "rotation": 90, "texture": "#0"},
				"up": {"uv": [0, 0, 12, 12], "rotation": 180, "texture": "#1"},
				"down": {"uv": [0, 0, 12, 12], "texture": "#0"}
			}
		}
	]
}