{
	"credit": "Made with Blockbench",
	"textures": {
		"1": "blockbench/wall_black",
		"2": "blockbench/metal_trim_grey",
		"particle": "blockbench/metal_trim_grey"
	},
	"elements": [
		{
			"from": [0, 0, 0],
			"to": [16, 9, 16],
			"faces": {
				"north": {"uv": [0, 0, 16, 9], "texture": "#1"},
				"east": {"uv": [0, 0, 16, 9], "texture": "#1"},
				"south": {"uv": [0, 0, 16, 9], "texture": "#1"},
				"west": {"uv": [0, 0, 16, 9], "texture": "#1"},
				"up": {"uv": [0, 0, 16, 16], "rotation": 90, "texture": "#1"},
				"down": {"uv": [0, 0, 16, 16], "rotation": 270, "texture": "#1"}
			}
		},
		{
			"from": [0, 0, -1],
			"to": [16, 8, 0],
			"faces": {
				"north": {"uv": [0, 0, 16, 16], "texture": "#2"},
				"east": {"uv": [0, 0, 0, 10], "texture": "#2"},
				"south": {"uv": [0, 0, 16, 10], "texture": "#2"},
				"west": {"uv": [0, 0, 0, 10], "texture": "#2"},
				"up": {"uv": [0, 0, 0, 16], "rotation": 90, "texture": "#2"},
				"down": {"uv": [0, 0, 0, 16], "rotation": 270, "texture": "#2"}
			}
		},
		{
			"from": [0, -0.2, -1],
			"to": [16, 0, 7],
			"faces": {
				"north": {"uv": [0, 0, 16, 0.2], "rotation": 180, "texture": "#2"},
				"east": {"uv": [0, 0, 12, 0.2], "rotation": 180, "texture": "#2"},
				"south": {"uv": [0, 0, 16, 0.2], "rotation": 180, "texture": "#2"},
				"west": {"uv": [0, 0, 12, 0.2], "rotation": 180, "texture": "#2"},
				"up": {"uv": [0, 0, 16, 16], "rotation": 180, "texture": "#2"},
				"down": {"uv": [0, 0, 16, 16], "rotation": 180, "texture": "#2"}
			}
		},
		{
			"from": [0, -0.2, 7],
			"to": [16, 0, 15],
			"faces": {
				"north": {"uv": [0, 0, 16, 0.2], "rotation": 180, "texture": "#2"},
				"east": {"uv": [0, 0, 12, 0.2], "rotation": 180, "texture": "#2"},
				"south": {"uv": [0, 0, 16, 0.2], "rotation": 180, "texture": "#2"},
				"west": {"uv": [0, 0, 12, 0.2], "rotation": 180, "texture": "#2"},
				"up": {"uv": [0, 0, 16, 16], "rotation": 180, "texture": "#2"},
				"down": {"uv": [0, 0, 16, 16], "rotation": 180, "texture": "#2"}
			}
		}
	]
}