{
	"credit": "Made with Blockbench",
	"texture_size": [64, 64],
	"textures": {
		"1": "blockbench/metal",
		"2": "blockbench/glass_tint_white",
		"particle": "blockbench/metal"
	},
	"elements": [
		{
			"from": [1, 8, 1],
			"to": [15, 11, 15],
			"rotation": {"angle": 0, "axis": "y", "origin": [1, 8, 1]},
			"faces": {
				"north": {"uv": [3.5, 3.5, 7, 4.25], "texture": "#2"},
				"east": {"uv": [0, 3.5, 3.5, 4.25], "texture": "#2"},
				"south": {"uv": [10.5, 3.5, 14, 4.25], "texture": "#2"},
				"west": {"uv": [7, 3.5, 10.5, 4.25], "texture": "#2"},
				"up": {"uv": [7, 3.5, 3.5, 0], "texture": "#2"},
				"down": {"uv": [10.5, 0, 7, 3.5], "texture": "#2"}
			}
		},
		{
			"from": [0, -1, 0],
			"to": [1, 13, 16],
			"rotation": {"angle": 0, "axis": "y", "origin": [0, -1, 0]},
			"faces": {
				"north": {"uv": [4, 4, 4.25, 7.5], "texture": "#1"},
				"east": {"uv": [0, 4, 4, 7.5], "texture": "#1"},
				"south": {"uv": [8.25, 4, 8.5, 7.5], "texture": "#1"},
				"west": {"uv": [4.25, 4, 8.25, 7.5], "texture": "#1"},
				"up": {"uv": [4.25, 4, 4, 0], "texture": "#1"},
				"down": {"uv": [4.5, 0, 4.25, 4], "texture": "#1"}
			}
		},
		{
			"from": [15, -1, 0],
			"to": [16, 13, 16],
			"rotation": {"angle": 0, "axis": "y", "origin": [15, -1, 0]},
			"faces": {
				"north": {"uv": [4, 4, 4.25, 7.5], "texture": "#1"},
				"east": {"uv": [0, 4, 4, 7.5], "texture": "#1"},
				"south": {"uv": [8.25, 4, 8.5, 7.5], "texture": "#1"},
				"west": {"uv": [4.25, 4, 8.25, 7.5], "texture": "#1"},
				"up": {"uv": [4.25, 4, 4, 0], "texture": "#1"},
				"down": {"uv": [4.5, 0, 4.25, 4], "texture": "#1"}
			}
		},
		{
			"from": [1, -1, 0],
			"to": [15, 13, 1],
			"rotation": {"angle": 0, "axis": "y", "origin": [1, -1, 0]},
			"faces": {
				"north": {"uv": [0.25, 0.25, 3.75, 3.75], "texture": "#1"},
				"east": {"uv": [0, 0.25, 0.25, 3.75], "texture": "#1"},
				"south": {"uv": [4, 0.25, 7.5, 3.75], "texture": "#1"},
				"west": {"uv": [3.75, 0.25, 4, 3.75], "texture": "#1"},
				"up": {"uv": [3.75, 0.25, 0.25, 0], "texture": "#1"},
				"down": {"uv": [7.25, 0, 3.75, 0.25], "texture": "#1"}
			}
		},
		{
			"from": [1, -1, 15],
			"to": [15, 13, 16],
			"rotation": {"angle": 0, "axis": "y", "origin": [1, -1, 15]},
			"faces": {
				"north": {"uv": [0.25, 0.25, 3.75, 3.75], "texture": "#1"},
				"east": {"uv": [0, 0.25, 0.25, 3.75], "texture": "#1"},
				"south": {"uv": [4, 0.25, 7.5, 3.75], "texture": "#1"},
				"west": {"uv": [3.75, 0.25, 4, 3.75], "texture": "#1"},
				"up": {"uv": [3.75, 0.25, 0.25, 0], "texture": "#1"},
				"down": {"uv": [7.25, 0, 3.75, 0.25], "texture": "#1"}
			}
		}
	]
}